run_id,char_id,class,spec,hero_talent,role,region,dungeon,key_level,timed,duration_s,dps,deaths,item_level,date,reset_bucket,post_tuning,keystone_s,pct_under_timer
49114,13334,Rogue,Assassination,Deathstalker,DPS,EU,The Blinding Vale,7,1,1220.9,187664,0,293.0,2026-08-19,0,-1,1222.0,32.1
49119,107908,Paladin,Protection,Templar,Tank,EU,Ruby Life Pools,6,1,1093.4,97486,0,287.0,2026-08-19,0,-1,1100.0,34.5
49119,107909,Shaman,Restoration,Totemic,Healer,EU,Ruby Life Pools,6,1,1093.4,26667,0,297.0,2026-08-19,0,-1,1100.0,34.5
49119,35734,Warrior,Arms,Slayer,DPS,EU,Ruby Life Pools,6,1,1093.4,185134,0,294.0,2026-08-19,0,-1,1100.0,34.5
49119,107910,Hunter,Marksmanship,Sentinel,DPS,EU,Ruby Life Pools,6,1,1093.4,90208,2,279.0,2026-08-19,0,-1,1100.0,34.5
49119,107911,Evoker,Augmentation,Chronowarden,DPS,EU,Ruby Life Pools,6,1,1093.4,103692,1,295.0,2026-08-19,0,-1,1100.0,34.5
49120,106145,Warrior,Protection,Mountain Thane,Tank,EU,Ruby Life Pools,10,1,1479.0,110417,0,293.0,2026-08-19,0,-1,1501.0,10.7
49120,73165,Shaman,Restoration,Totemic,Healer,EU,Ruby Life Pools,10,1,1479.0,30954,1,292.0,2026-08-19,0,-1,1501.0,10.7
49120,107912,Warrior,Fury,Mountain Thane,DPS,EU,Ruby Life Pools,10,1,1479.0,142381,3,293.0,2026-08-19,0,-1,1501.0,10.7
49120,107913,Shaman,Elemental,Farseer,DPS,EU,Ruby Life Pools,10,1,1479.0,161940,1,289.0,2026-08-19,0,-1,1501.0,10.7
49120,107914,Hunter,BeastMastery,Pack Leader,DPS,EU,Ruby Life Pools,10,1,1479.0,121200,1,293.0,2026-08-19,0,-1,1501.0,10.7
49121,34355,DeathKnight,Blood,Deathbringer,Tank,EU,Kings' Rest,2,1,1255.0,79828,0,294.0,2026-08-19,0,-1,1247.0,37.0
49121,107915,Shaman,Restoration,Totemic,Healer,EU,Kings' Rest,2,1,1255.0,11422,2,292.0,2026-08-19,0,-1,1247.0,37.0
49121,34357,Warlock,Demonology,Diabolist,DPS,EU,Kings' Rest,2,1,1255.0,81620,2,290.0,2026-08-19,0,-1,1247.0,37.0
49121,45919,Warrior,Arms,Slayer,DPS,EU,Kings' Rest,2,1,1255.0,65571,2,284.0,2026-08-19,0,-1,1247.0,37.0
49121,55494,Mage,Arcane,Sunfury,DPS,EU,Kings' Rest,2,1,1255.0,46856,1,291.0,2026-08-19,0,-1,1247.0,37.0
49122,17151,Warrior,Protection,Mountain Thane,Tank,EU,Den of Nalorakk,2,1,909.8,86543,0,294.0,2026-08-19,0,-1,901.0,53.1
49122,107916,Shaman,Restoration,Totemic,Healer,EU,Den of Nalorakk,2,1,909.8,15567,0,290.0,2026-08-19,0,-1,901.0,53.1
49122,17153,Hunter,BeastMastery,Pack Leader,DPS,EU,Den of Nalorakk,2,1,909.8,92198,0,299.0,2026-08-19,0,-1,901.0,53.1
49122,17155,Warrior,Fury,Slayer,DPS,EU,Den of Nalorakk,2,1,909.8,161288,0,294.0,2026-08-19,0,-1,901.0,53.1
49122,17154,DeathKnight,Frost,Deathbringer,DPS,EU,Den of Nalorakk,2,1,909.8,119560,0,293.0,2026-08-19,0,-1,901.0,53.1
49125,107920,DeathKnight,Blood,Deathbringer,Tank,US,Voidscar Arena,5,1,1098.7,64575,0,293.0,2026-08-19,0,-1,1090.0,39.4
49125,107921,Priest,Discipline,Oracle,Healer,US,Voidscar Arena,5,1,1098.7,10392,1,289.0,2026-08-19,0,-1,1090.0,39.4
49125,107922,DemonHunter,Devourer,Void-Scarred,DPS,US,Voidscar Arena,5,1,1098.7,97669,1,294.0,2026-08-19,0,-1,1090.0,39.4
49125,107923,DeathKnight,Unholy,Rider of the Apocalypse,DPS,US,Voidscar Arena,5,1,1098.7,99718,1,290.0,2026-08-19,0,-1,1090.0,39.4
49125,107924,Shaman,Enhancement,Stormbringer,DPS,US,Voidscar Arena,5,1,1098.7,138570,0,293.0,2026-08-19,0,-1,1090.0,39.4
49126,107925,Paladin,Protection,Templar,Tank,US,Ruby Life Pools,8,1,1456.0,61131,1,290.0,2026-08-19,0,-1,1467.0,12.7
49126,107926,Evoker,Preservation,Flameshaper,Healer,US,Ruby Life Pools,8,1,1456.0,24579,1,285.0,2026-08-19,0,-1,1467.0,12.7
49126,68912,Mage,Arcane,Sunfury,DPS,US,Ruby Life Pools,8,1,1456.0,112858,2,297.0,2026-08-19,0,-1,1467.0,12.7
49126,107927,Rogue,Assassination,Deathstalker,DPS,US,Ruby Life Pools,8,1,1456.0,151240,0,292.0,2026-08-19,0,-1,1467.0,12.7
49126,68910,Druid,Balance,Elune's Chosen,DPS,US,Ruby Life Pools,8,1,1456.0,150285,0,295.0,2026-08-19,0,-1,1467.0,12.7
49127,69019,Monk,Brewmaster,Master of Harmony,Tank,US,Murder Row,5,1,1239.5,60690,0,292.0,2026-08-19,0,-1,1231.0,39.6
49127,77261,Priest,Discipline,Voidweaver,Healer,US,Murder Row,5,1,1239.5,23360,0,292.0,2026-08-19,0,-1,1231.0,39.6
49127,77264,DeathKnight,Unholy,Rider of the Apocalypse,DPS,US,Murder Row,5,1,1239.5,100618,0,291.0,2026-08-19,0,-1,1231.0,39.6
49127,77262,Warrior,Arms,Slayer,DPS,US,Murder Row,5,1,1239.5,150723,1,289.0,2026-08-19,0,-1,1231.0,39.6
49127,7346,Warlock,Destruction,Diabolist,DPS,US,Murder Row,5,1,1239.5,119497,0,294.0,2026-08-19,0,-1,1231.0,39.6
49130,1913,Warrior,Protection,Unknown,Tank,US,Den of Nalorakk,10,1,1753.2,119694,3,294.0,2026-08-18,0,-1,1834.0,4.5
49130,95855,Shaman,Restoration,Unknown,Healer,US,Den of Nalorakk,10,1,1753.2,23494,3,290.0,2026-08-18,0,-1,1834.0,4.5
49130,1917,Mage,Arcane,Unknown,DPS,US,Den of Nalorakk,10,1,1753.2,154108,4,295.0,2026-08-18,0,-1,1834.0,4.5
49130,3233,Warlock,Demonology,Unknown,DPS,US,Den of Nalorakk,10,1,1753.2,128785,4,291.0,2026-08-18,0,-1,1834.0,4.5
49130,1916,DemonHunter,Devourer,Unknown,DPS,US,Den of Nalorakk,10,1,1753.2,162498,4,291.0,2026-08-18,0,-1,1834.0,4.5
49132,68451,DeathKnight,Blood,Deathbringer,Tank,EU,The Blinding Vale,5,1,1138.3,56448,0,288.0,2026-08-19,0,-1,1129.0,37.3
49132,61196,Paladin,Holy,Herald of the Sun,Healer,EU,The Blinding Vale,5,1,1138.3,8906,0,291.0,2026-08-19,0,-1,1129.0,37.3
49132,107932,Mage,Arcane,Sunfury,DPS,EU,The Blinding Vale,5,1,1138.3,122750,2,287.0,2026-08-19,0,-1,1129.0,37.3
49132,25323,Shaman,Elemental,Farseer,DPS,EU,The Blinding Vale,5,1,1138.3,170492,1,296.0,2026-08-19,0,-1,1129.0,37.3
49132,71734,Druid,Balance,Elune's Chosen,DPS,EU,The Blinding Vale,5,1,1138.3,113650,0,292.0,2026-08-19,0,-1,1129.0,37.3
49133,95403,Druid,Guardian,Druid of the Claw,Tank,US,Temple of Sethraliss,6,1,1491.2,70496,0,294.0,2026-08-20,0,-1,1493.0,22.2
49133,29448,Paladin,Holy,Herald of the Sun,Healer,US,Temple of Sethraliss,6,1,1491.2,8972,0,298.0,2026-08-20,0,-1,1493.0,22.2
49133,107933,Warrior,Arms,Slayer,DPS,US,Temple of Sethraliss,6,1,1491.2,81064,1,297.0,2026-08-20,0,-1,1493.0,22.2
49133,107934,Priest,Shadow,Voidweaver,DPS,US,Temple of Sethraliss,6,1,1491.2,108457,1,297.0,2026-08-20,0,-1,1493.0,22.2
49133,107935,Mage,Arcane,Sunfury,DPS,US,Temple of Sethraliss,6,1,1491.2,128682,0,297.0,2026-08-20,0,-1,1493.0,22.2
49134,12955,Warrior,Protection,Mountain Thane,Tank,EU,Altar of Fangs,11,1,1636.4,131158,0,297.0,2026-08-19,0,-1,1653.0,8.2
49134,17258,Paladin,Holy,Herald of the Sun,Healer,EU,Altar of Fangs,11,1,1636.4,9695,1,292.0,2026-08-19,0,-1,1653.0,8.2
49134,12959,Warlock,Demonology,Diabolist,DPS,EU,Altar of Fangs,11,1,1636.4,185981,2,293.0,2026-08-19,0,-1,1653.0,8.2
49134,17259,Warlock,Demonology,Diabolist,DPS,EU,Altar of Fangs,11,1,1636.4,196028,2,293.0,2026-08-19,0,-1,1653.0,8.2
49134,12957,Mage,Arcane,Sunfury,DPS,EU,Altar of Fangs,11,1,1636.4,187850,0,297.0,2026-08-19,0,-1,1653.0,8.2
49136,89522,DeathKnight,Blood,San'layn,Tank,US,Ruby Life Pools,10,1,1681.5,73646,0,289.0,2026-08-18,0,-1,1673.0,0.4
49136,70615,Paladin,Holy,Herald of the Sun,Healer,US,Ruby Life Pools,10,1,1681.5,11823,0,293.0,2026-08-18,0,-1,1673.0,0.4
49136,70616,Monk,Windwalker,Shado-Pan,DPS,US,Ruby Life Pools,10,1,1681.5,121728,0,292.0,2026-08-18,0,-1,1673.0,0.4
49136,70617,Mage,Arcane,Sunfury,DPS,US,Ruby Life Pools,10,1,1681.5,155002,0,290.0,2026-08-18,0,-1,1673.0,0.4
49136,70618,Warlock,Demonology,Diabolist,DPS,US,Ruby Life Pools,10,1,1681.5,118648,0,290.0,2026-08-18,0,-1,1673.0,0.4
49137,107939,DeathKnight,Blood,San'layn,Tank,EU,Temple of Sethraliss,7,1,1894.0,84539,0,293.0,2026-08-19,0,-1,1896.0,1.3
49137,107940,Shaman,Restoration,Totemic,Healer,EU,Temple of Sethraliss,7,1,1894.0,10172,0,282.0,2026-08-19,0,-1,1896.0,1.3
49137,107941,Paladin,Retribution,Templar,DPS,EU,Temple of Sethraliss,7,1,1894.0,133598,1,292.0,2026-08-19,0,-1,1896.0,1.3
49137,107942,Paladin,Retribution,Templar,DPS,EU,Temple of Sethraliss,7,1,1894.0,94461,0,291.0,2026-08-19,0,-1,1896.0,1.3
49137,107943,Warlock,Demonology,Diabolist,DPS,EU,Temple of Sethraliss,7,1,1894.0,92576,1,291.0,2026-08-19,0,-1,1896.0,1.3
49138,105795,Paladin,Protection,Lightsmith,Tank,EU,Voidscar Arena,7,1,1588.7,74176,1,294.0,2026-08-19,0,-1,1650.0,8.3
49138,105796,Monk,Mistweaver,Conduit of the Celestials,Healer,EU,Voidscar Arena,7,1,1588.7,20767,1,292.0,2026-08-19,0,-1,1650.0,8.3
49138,85904,Druid,Balance,Elune's Chosen,DPS,EU,Voidscar Arena,7,1,1588.7,114715,5,293.0,2026-08-19,0,-1,1650.0,8.3
49138,75923,Warrior,Fury,Slayer,DPS,EU,Voidscar Arena,7,1,1588.7,108227,4,292.0,2026-08-19,0,-1,1650.0,8.3
49138,75925,Shaman,Elemental,Farseer,DPS,EU,Voidscar Arena,7,1,1588.7,141844,3,297.0,2026-08-19,0,-1,1650.0,8.3
49140,107944,DeathKnight,Blood,San'layn,Tank,US,Altar of Fangs,4,1,1115.7,104096,0,293.0,2026-08-19,0,-1,1107.0,38.5
49140,107945,Druid,Restoration,Wildstalker,Healer,US,Altar of Fangs,4,1,1115.7,1792,0,292.0,2026-08-19,0,-1,1107.0,38.5
49140,107946,Paladin,Retribution,Templar,DPS,US,Altar of Fangs,4,1,1115.7,117217,0,298.0,2026-08-19,0,-1,1107.0,38.5
49140,107947,DeathKnight,Unholy,Rider of the Apocalypse,DPS,US,Altar of Fangs,4,1,1115.7,121737,0,293.0,2026-08-19,0,-1,1107.0,38.5
49140,107948,Mage,Arcane,Sunfury,DPS,US,Altar of Fangs,4,1,1115.7,118482,0,292.0,2026-08-19,0,-1,1107.0,38.5
