subset,class,spec,role,key_level,parses,runs,characters,avg_dps,median_dps,p90_dps,avg_deaths,deathless_pct,avg_item_level
all,DeathKnight,Blood,Tank,2,1729,1729,1564,72464,70738,98581,0.04,96.1,292.4
all,DeathKnight,Blood,Tank,3,319,319,311,70341,69173,93681,0.07,93.1,291.6
all,DeathKnight,Blood,Tank,4,732,732,705,75457,74198,99154,0.03,97.4,292.3
all,DeathKnight,Blood,Tank,5,1499,1499,1384,84306,82599,112390,0.05,95.7,294.0
all,DeathKnight,Blood,Tank,6,990,988,883,86817,84805,114212,0.03,97.7,294.2
all,DeathKnight,Blood,Tank,7,721,721,683,102013,98716,135483,0.05,95.6,296.5
all,DeathKnight,Blood,Tank,8,715,715,680,113007,112306,143742,0.04,95.7,297.6
all,DeathKnight,Blood,Tank,9,998,998,910,114300,112110,147925,0.05,95.3,298.9
all,DeathKnight,Blood,Tank,10,7095,7095,2865,123213,122287,157337,0.07,94.0,301.1
all,DeathKnight,Blood,Tank,11,6695,6695,3778,117932,116240,154045,0.23,85.2,299.8
all,DeathKnight,Blood,Tank,12,6694,6693,3597,120189,119098,153322,0.15,89.1,303.8
all,DeathKnight,Blood,Tank,13,6197,6196,3015,124227,123811,155017,0.1,91.7,306.4
all,DeathKnight,Blood,Tank,14,4914,4914,1988,131018,130327,161588,0.18,85.7,308.0
all,DeathKnight,Blood,Tank,15,2040,2040,763,143219,143164,176405,0.2,85.5,309.4
all,DeathKnight,Blood,Tank,16,704,704,230,159596,160696,194924,0.19,84.7,310.7
all,DeathKnight,Blood,Tank,17,220,220,61,177118,176929,213238,0.2,85.5,311.6
all,DeathKnight,Blood,Tank,18,51,51,17,193938,195124,232138,0.16,90.2,312.4
all,DeathKnight,Frost,DPS,2,218,218,201,101900,101954,143800,0.14,88.5,290.7
all,DeathKnight,Frost,DPS,3,39,39,39,94005,94442,124443,0.15,87.2,290.0
all,DeathKnight,Frost,DPS,4,81,81,80,115193,113848,151587,0.09,92.6,294.0
all,DeathKnight,Frost,DPS,5,168,168,160,126094,122724,163892,0.09,92.9,293.4
all,DeathKnight,Frost,DPS,6,107,107,101,137699,133141,179492,0.12,88.8,295.6
all,DeathKnight,Frost,DPS,7,64,64,62,157967,156534,197456,0.16,85.9,296.6
all,DeathKnight,Frost,DPS,8,62,61,59,186596,186670,225508,0.08,91.9,297.6
all,DeathKnight,Frost,DPS,9,67,66,64,179009,177745,224212,0.18,85.1,296.4
all,DeathKnight,Frost,DPS,10,559,552,284,193146,192183,242890,0.29,75.8,299.1
all,DeathKnight,Frost,DPS,11,447,446,299,177484,180387,223449,0.84,54.6,297.1
all,DeathKnight,Frost,DPS,12,328,328,210,180996,180863,226820,0.65,58.8,300.9
all,DeathKnight,Frost,DPS,13,256,256,150,194569,192910,234847,0.45,65.2,303.5
all,DeathKnight,Frost,DPS,14,196,196,94,206370,207676,244188,0.56,57.1,306.1
all,DeathKnight,Frost,DPS,15,54,54,24,214732,218292,250788,0.65,55.6,307.2
all,DeathKnight,Frost,DPS,16,12,12,5,229323,229770,271326,0.42,75.0,310.0
all,DeathKnight,Frost,DPS,17,3,3,2,257668,271729,271904,1.0,66.7,307.3
all,DeathKnight,Frost,DPS,18,1,1,1,240128,240128,240128,0.0,100.0,310.0
all,DeathKnight,Unholy,DPS,2,560,553,510,110148,108910,146507,0.15,87.1,292.5
all,DeathKnight,Unholy,DPS,3,115,115,113,111062,110427,144959,0.15,87.8,291.8
all,DeathKnight,Unholy,DPS,4,230,227,224,120614,117566,159865,0.16,86.1,292.8
all,DeathKnight,Unholy,DPS,5,455,446,424,136039,133117,176846,0.13,87.7,294.6
all,DeathKnight,Unholy,DPS,6,318,310,289,140324,139542,183028,0.11,89.0,295.5
all,DeathKnight,Unholy,DPS,7,232,228,212,173417,172457,222821,0.15,86.6,296.3
all,DeathKnight,Unholy,DPS,8,234,231,219,191005,189364,235524,0.2,82.5,297.3
all,DeathKnight,Unholy,DPS,9,319,311,300,189329,188825,235163,0.17,84.3,297.8
all,DeathKnight,Unholy,DPS,10,2119,2082,1035,205140,202751,259917,0.24,79.4,299.4
all,DeathKnight,Unholy,DPS,11,2051,2015,1216,193057,190588,249702,0.6,64.0,297.8
all,DeathKnight,Unholy,DPS,12,1705,1685,1037,196617,197517,246019,0.48,68.6,300.3
all,DeathKnight,Unholy,DPS,13,1541,1531,821,209254,209502,254784,0.39,67.9,303.4
all,DeathKnight,Unholy,DPS,14,1258,1248,538,219097,219986,265260,0.6,56.8,305.2
all,DeathKnight,Unholy,DPS,15,419,410,183,233963,234290,286314,0.6,59.4,306.2
all,DeathKnight,Unholy,DPS,16,72,72,36,247558,248808,297370,0.58,56.9,306.9
all,DeathKnight,Unholy,DPS,17,1,1,1,318785,318785,318785,0.0,100.0,307.0
all,DemonHunter,Devourer,DPS,2,620,612,547,109243,107818,150352,0.28,76.3,291.0
all,DemonHunter,Devourer,DPS,3,117,115,116,116206,114421,150192,0.31,76.1,291.2
all,DemonHunter,Devourer,DPS,4,280,278,274,114125,112710,148716,0.24,80.0,291.4
all,DemonHunter,Devourer,DPS,5,568,558,514,135676,134244,176637,0.35,72.9,293.9
all,DemonHunter,Devourer,DPS,6,344,340,308,143554,141364,184929,0.23,81.1,295.9
all,DemonHunter,Devourer,DPS,7,259,255,237,170669,171322,212849,0.37,69.9,297.0
all,DemonHunter,Devourer,DPS,8,298,292,274,186581,184016,228489,0.41,68.1,297.8
all,DemonHunter,Devourer,DPS,9,413,405,373,189491,188393,231914,0.41,66.1,299.0
all,DemonHunter,Devourer,DPS,10,3412,3327,1382,207339,207720,255882,0.47,64.5,301.3
all,DemonHunter,Devourer,DPS,11,2685,2643,1541,192799,192491,240468,1.05,45.0,299.0
all,DemonHunter,Devourer,DPS,12,2187,2168,1198,195933,196700,240919,0.78,51.3,302.0
all,DemonHunter,Devourer,DPS,13,1934,1923,930,204507,205668,244590,0.76,47.9,304.2
all,DemonHunter,Devourer,DPS,14,1543,1538,614,214045,214962,252582,1.02,40.9,305.4
all,DemonHunter,Devourer,DPS,15,574,570,239,228523,232780,273322,0.92,42.2,306.6
all,DemonHunter,Devourer,DPS,16,135,134,63,251495,253987,298121,0.97,39.3,307.5
all,DemonHunter,Devourer,DPS,17,13,13,6,256249,258142,299762,0.69,61.5,308.0
all,DemonHunter,Devourer,DPS,18,1,1,1,257821,257821,257821,1.0,0.0,310.0
all,DemonHunter,Havoc,DPS,2,448,438,397,106496,103348,143161,0.18,84.2,291.7
all,DemonHunter,Havoc,DPS,3,74,74,73,114073,114253,144989,0.24,78.4,291.7
all,DemonHunter,Havoc,DPS,4,152,151,150,118449,117518,152024,0.18,82.9,292.4
all,DemonHunter,Havoc,DPS,5,337,333,311,131421,130505,173116,0.22,81.0,292.6
all,DemonHunter,Havoc,DPS,6,168,167,155,140624,140892,180345,0.25,82.7,294.8
all,DemonHunter,Havoc,DPS,7,117,117,113,160963,164739,204451,0.27,76.1,295.6
all,DemonHunter,Havoc,DPS,8,128,128,119,184435,185402,233530,0.33,68.8,296.7
all,DemonHunter,Havoc,DPS,9,159,159,155,182147,181543,225877,0.26,76.1,298.2
all,DemonHunter,Havoc,DPS,10,811,805,447,197601,198383,245542,0.38,70.7,299.6
all,DemonHunter,Havoc,DPS,11,778,775,511,188509,189112,237482,0.83,50.6,297.9
all,DemonHunter,Havoc,DPS,12,598,596,360,186339,186904,228333,0.68,60.7,300.6
all,DemonHunter,Havoc,DPS,13,539,537,298,196935,199203,236504,0.55,60.3,303.2
all,DemonHunter,Havoc,DPS,14,372,370,167,202209,203888,239365,0.83,47.0,304.7
all,DemonHunter,Havoc,DPS,15,91,91,54,221731,219676,276833,0.82,49.5,306.1
all,DemonHunter,Havoc,DPS,16,16,16,7,233291,232421,271037,0.75,56.2,306.2
all,DemonHunter,Havoc,DPS,17,5,5,1,257676,254124,299535,0.6,40.0,308.6
all,DemonHunter,Vengeance,Tank,2,470,470,432,66883,65228,91197,0.07,94.5,290.7
all,DemonHunter,Vengeance,Tank,3,84,84,83,63003,62154,85390,0.08,94.0,290.0
all,DemonHunter,Vengeance,Tank,4,191,191,183,71074,68796,94865,0.05,95.8,291.1
all,DemonHunter,Vengeance,Tank,5,333,333,313,75999,75244,98805,0.07,94.3,292.6
all,DemonHunter,Vengeance,Tank,6,208,208,185,78490,76238,103879,0.05,96.2,293.9
all,DemonHunter,Vengeance,Tank,7,166,166,139,97335,96004,127981,0.02,98.8,295.7
all,DemonHunter,Vengeance,Tank,8,175,175,168,104335,103016,132608,0.06,94.9,296.6
all,DemonHunter,Vengeance,Tank,9,225,225,202,106833,105160,137861,0.05,95.1,298.3
all,DemonHunter,Vengeance,Tank,10,1668,1668,750,117591,115502,150586,0.07,93.3,300.9
all,DemonHunter,Vengeance,Tank,11,1093,1093,669,111890,109383,146185,0.3,83.9,299.2
all,DemonHunter,Vengeance,Tank,12,658,658,389,112304,112278,142143,0.21,86.5,302.5
all,DemonHunter,Vengeance,Tank,13,460,460,248,116889,116300,146655,0.16,87.2,306.0
all,DemonHunter,Vengeance,Tank,14,308,308,130,121434,119512,149054,0.3,81.2,307.5
all,DemonHunter,Vengeance,Tank,15,104,104,42,132487,131358,159335,0.15,87.5,308.5
all,DemonHunter,Vengeance,Tank,16,13,13,8,140801,135409,158200,0.23,84.6,308.8
all,DemonHunter,Vengeance,Tank,17,3,3,1,162402,161422,176288,0.0,100.0,303.3
all,Druid,Balance,DPS,2,802,790,730,105348,104233,141501,0.19,84.4,290.8
all,Druid,Balance,DPS,3,150,147,147,105648,102134,140037,0.29,77.3,290.2
all,Druid,Balance,DPS,4,316,315,307,114173,112754,145076,0.22,82.0,291.8
all,Druid,Balance,DPS,5,601,596,557,128323,125482,165101,0.23,81.5,293.3
all,Druid,Balance,DPS,6,402,397,372,135757,132306,176874,0.18,83.6,294.9
all,Druid,Balance,DPS,7,285,284,263,162711,163170,202680,0.26,78.6,295.3
all,Druid,Balance,DPS,8,298,296,275,176531,176206,219151,0.3,75.8,297.0
all,Druid,Balance,DPS,9,398,393,378,185799,183554,232774,0.31,74.9,298.6
all,Druid,Balance,DPS,10,3077,3040,1324,198685,198431,250177,0.38,71.1,300.8
all,Druid,Balance,DPS,11,2382,2366,1411,184705,183162,234136,0.88,53.0,298.7
all,Druid,Balance,DPS,12,1920,1912,1092,185146,185463,229298,0.8,54.6,301.6
all,Druid,Balance,DPS,13,1447,1446,805,194709,195071,233772,0.75,50.8,304.7
all,Druid,Balance,DPS,14,976,975,427,205490,206443,245579,1.02,41.6,306.3
all,Druid,Balance,DPS,15,328,328,142,216730,217708,260341,1.04,40.2,307.6
all,Druid,Balance,DPS,16,54,54,26,239008,236091,282646,0.94,48.1,308.4
all,Druid,Balance,DPS,17,6,6,1,257840,260445,299066,0.83,16.7,308.3
all,Druid,Balance,DPS,18,1,1,1,249467,249467,249467,2.0,0.0,309.0
all,Druid,Feral,DPS,2,248,248,219,111044,108698,150856,0.21,82.3,290.9
all,Druid,Feral,DPS,3,35,34,35,116567,115962,148519,0.26,80.0,291.0
all,Druid,Feral,DPS,4,103,103,96,125998,121863,164897,0.28,76.7,292.8
all,Druid,Feral,DPS,5,190,190,175,136374,132776,180842,0.25,78.9,293.9
all,Druid,Feral,DPS,6,126,126,106,142269,138246,197208,0.21,82.5,295.4
all,Druid,Feral,DPS,7,72,72,70,174329,171590,219693,0.26,77.8,295.3
all,Druid,Feral,DPS,8,92,92,88,184903,182952,236897,0.33,73.9,296.1
all,Druid,Feral,DPS,9,75,75,72,196622,191608,252596,0.25,74.7,298.3
all,Druid,Feral,DPS,10,474,472,257,201719,203154,255091,0.41,68.4,299.5
all,Druid,Feral,DPS,11,477,476,298,198145,197193,256088,0.78,53.9,298.6
all,Druid,Feral,DPS,12,473,468,268,200184,199604,252445,0.78,52.9,301.0
all,Druid,Feral,DPS,13,448,447,229,207122,207286,255210,0.77,49.3,302.8
all,Druid,Feral,DPS,14,406,406,172,217499,218830,263602,1.01,40.4,304.4
all,Druid,Feral,DPS,15,193,192,77,232112,229069,286100,0.95,45.6,304.5
all,Druid,Feral,DPS,16,82,82,26,258807,263832,306555,0.61,54.9,305.2
all,Druid,Feral,DPS,17,24,24,12,262523,268065,298574,0.54,66.7,305.6
all,Druid,Feral,DPS,18,4,4,3,278955,279965,290048,0.5,75.0,304.8
all,Druid,Guardian,Tank,2,699,699,639,62812,61489,85103,0.05,95.1,292.3
all,Druid,Guardian,Tank,3,129,129,129,58944,58823,79489,0.09,92.2,292.1
all,Druid,Guardian,Tank,4,300,300,296,64905,63475,84318,0.05,95.0,292.6
all,Druid,Guardian,Tank,5,536,536,507,70162,68864,93815,0.1,91.0,293.8
all,Druid,Guardian,Tank,6,333,333,305,73767,71789,96798,0.04,96.1,294.9
all,Druid,Guardian,Tank,7,216,216,204,87604,85452,111972,0.06,94.0,295.3
all,Druid,Guardian,Tank,8,223,223,208,95421,93716,126404,0.08,92.4,297.6
all,Druid,Guardian,Tank,9,280,280,263,95666,91434,124864,0.06,94.6,297.8
all,Druid,Guardian,Tank,10,2128,2128,878,106068,103896,138544,0.1,91.2,300.4
all,Druid,Guardian,Tank,11,1660,1660,988,98699,96230,128811,0.29,81.4,298.1
all,Druid,Guardian,Tank,12,1197,1197,733,100429,100045,128774,0.22,83.5,301.4
all,Druid,Guardian,Tank,13,994,994,491,105549,105280,133612,0.15,87.0,304.5
all,Druid,Guardian,Tank,14,793,793,322,111576,110592,140104,0.23,81.0,305.9
all,Druid,Guardian,Tank,15,242,242,112,118775,118926,149244,0.27,79.3,307.2
all,Druid,Guardian,Tank,16,54,54,27,135675,137812,172012,0.15,85.2,309.3
all,Druid,Guardian,Tank,17,8,8,3,154712,161537,183542,0.12,87.5,312.9
all,Druid,Restoration,Healer,2,462,462,421,9460,7440,18502,0.24,81.2,289.5
all,Druid,Restoration,Healer,3,94,94,93,8800,7520,15939,0.27,79.8,288.9
all,Druid,Restoration,Healer,4,177,177,172,10583,8416,20467,0.3,75.1,290.4
all,Druid,Restoration,Healer,5,326,326,313,10326,7533,19137,0.29,75.5,291.8
all,Druid,Restoration,Healer,6,186,186,168,10700,8944,19953,0.23,80.6,293.2
all,Druid,Restoration,Healer,7,130,130,124,14883,11096,33722,0.37,68.5,293.9
all,Druid,Restoration,Healer,8,115,115,111,14312,10803,26095,0.28,74.8,295.8
all,Druid,Restoration,Healer,9,151,151,139,12821,9944,23332,0.39,69.5,297.8
all,Druid,Restoration,Healer,10,1163,1163,582,18329,13344,39074,0.42,67.8,299.1
all,Druid,Restoration,Healer,11,819,819,528,15011,10984,28356,0.99,46.3,297.2
all,Druid,Restoration,Healer,12,348,348,215,16466,13100,26797,0.9,51.7,300.4
all,Druid,Restoration,Healer,13,211,211,122,15695,12798,25294,0.76,47.4,303.1
all,Druid,Restoration,Healer,14,104,104,57,15934,12890,22049,1.12,34.6,304.3
all,Druid,Restoration,Healer,15,20,20,14,13226,13836,18774,1.25,30.0,305.2
all,Evoker,Augmentation,DPS,2,83,83,76,83359,82888,108950,0.07,94.0,288.7
all,Evoker,Augmentation,DPS,3,14,14,14,81422,83051,100917,0.43,71.4,287.4
all,Evoker,Augmentation,DPS,4,34,34,33,94553,95970,113081,0.06,94.1,291.7
all,Evoker,Augmentation,DPS,5,51,51,49,101322,103554,126126,0.18,88.2,291.7
all,Evoker,Augmentation,DPS,6,35,35,32,110205,111726,130092,0.14,88.6,294.3
all,Evoker,Augmentation,DPS,7,22,22,21,137116,131666,167457,0.14,90.9,294.6
all,Evoker,Augmentation,DPS,8,14,14,14,156321,152258,177023,0.29,71.4,294.8
all,Evoker,Augmentation,DPS,9,40,40,36,145339,146564,168636,0.18,85.0,295.8
all,Evoker,Augmentation,DPS,10,376,376,191,168292,166000,210938,0.22,82.7,297.7
all,Evoker,Augmentation,DPS,11,223,223,155,148910,147314,185985,1.07,48.9,295.9
all,Evoker,Augmentation,DPS,12,106,106,77,160675,161062,202048,0.6,67.9,299.3
all,Evoker,Augmentation,DPS,13,65,65,36,169227,171522,195623,0.43,63.1,302.9
all,Evoker,Augmentation,DPS,14,38,38,20,183772,188207,214674,0.89,60.5,303.9
all,Evoker,Augmentation,DPS,15,15,15,5,200334,200650,222780,0.33,73.3,306.1
all,Evoker,Augmentation,DPS,16,6,6,2,202380,214656,231952,0.83,33.3,304.8
all,Evoker,Devastation,DPS,2,293,290,252,120502,118568,161627,0.2,82.6,291.1
all,Evoker,Devastation,DPS,3,51,51,48,123712,123918,155733,0.27,74.5,292.7
all,Evoker,Devastation,DPS,4,108,108,105,132124,130276,163714,0.29,73.1,293.5
all,Evoker,Devastation,DPS,5,208,207,199,141298,139110,186764,0.27,76.9,294.1
all,Evoker,Devastation,DPS,6,127,126,116,149012,145463,193083,0.24,79.5,296.3
all,Evoker,Devastation,DPS,7,90,88,88,176689,177781,213377,0.42,65.6,297.4
all,Evoker,Devastation,DPS,8,122,120,112,187125,186039,230352,0.36,74.6,296.8
all,Evoker,Devastation,DPS,9,142,137,137,194123,192614,235255,0.34,73.9,298.8
all,Evoker,Devastation,DPS,10,2086,2027,727,210284,210133,258313,0.43,68.3,300.9
all,Evoker,Devastation,DPS,11,1042,1022,568,193570,191424,243841,1.08,44.3,298.4
all,Evoker,Devastation,DPS,12,512,509,305,195305,194944,237850,1.06,47.5,301.5
all,Evoker,Devastation,DPS,13,302,300,168,208204,209634,250510,0.74,47.7,305.1
all,Evoker,Devastation,DPS,14,151,151,85,204303,207720,245437,1.13,41.1,305.6
all,Evoker,Devastation,DPS,15,54,54,24,228789,229490,278583,1.13,40.7,307.5
all,Evoker,Devastation,DPS,16,9,9,3,244291,251267,272358,0.33,66.7,310.7
all,Evoker,Devastation,DPS,17,3,3,2,248651,242066,268545,1.33,33.3,312.3
all,Evoker,Preservation,Healer,2,348,348,313,26540,24498,43011,0.32,75.9,290.8
all,Evoker,Preservation,Healer,3,54,54,54,22170,22330,36627,0.46,64.8,290.1
all,Evoker,Preservation,Healer,4,137,137,134,25966,25667,41430,0.31,73.7,291.5
all,Evoker,Preservation,Healer,5,274,274,258,28563,26904,43153,0.34,75.5,292.8
all,Evoker,Preservation,Healer,6,139,139,133,26631,25124,42032,0.31,76.3,292.2
all,Evoker,Preservation,Healer,7,101,101,94,32077,32290,44893,0.41,70.3,295.1
all,Evoker,Preservation,Healer,8,124,124,117,35204,34621,50936,0.41,67.7,295.5
all,Evoker,Preservation,Healer,9,188,188,172,38502,37042,56872,0.45,66.0,298.7
all,Evoker,Preservation,Healer,10,1930,1930,755,42551,40630,59802,0.48,65.0,300.8
all,Evoker,Preservation,Healer,11,991,991,626,36931,35020,53518,1.21,44.9,298.5
all,Evoker,Preservation,Healer,12,638,638,353,45115,42837,65813,0.97,47.6,302.2
all,Evoker,Preservation,Healer,13,377,377,192,48483,47409,64498,0.84,46.2,305.4
all,Evoker,Preservation,Healer,14,262,262,110,52326,52566,69676,1.1,37.8,306.7
all,Evoker,Preservation,Healer,15,114,114,45,57654,58536,75607,1.25,37.7,307.7
all,Evoker,Preservation,Healer,16,29,29,15,59103,56369,80816,1.38,24.1,308.1
all,Evoker,Preservation,Healer,17,6,6,1,76373,75410,82812,0.33,66.7,309.7
all,Evoker,Preservation,Healer,18,1,1,1,81222,81222,81222,0.0,100.0,311.0
all,Hunter,BeastMastery,DPS,2,1425,1358,1287,113130,110834,148086,0.26,79.2,291.4
all,Hunter,BeastMastery,DPS,3,269,263,266,115533,115266,147785,0.32,74.3,291.8
all,Hunter,BeastMastery,DPS,4,623,603,603,122508,120626,152767,0.29,80.1,292.9
all,Hunter,BeastMastery,DPS,5,1066,1035,986,134151,133345,168560,0.26,78.6,293.9
all,Hunter,BeastMastery,DPS,6,694,679,618,143994,143033,180641,0.22,80.7,295.9
all,Hunter,BeastMastery,DPS,7,384,373,358,163057,161286,200994,0.32,74.0,297.0
all,Hunter,BeastMastery,DPS,8,326,321,309,173345,172796,209772,0.33,72.7,297.9
all,Hunter,BeastMastery,DPS,9,402,396,382,173699,173754,211671,0.34,72.6,298.4
all,Hunter,BeastMastery,DPS,10,2455,2396,1226,185774,185028,230612,0.42,69.0,300.4
all,Hunter,BeastMastery,DPS,11,2143,2100,1389,177720,175744,222251,0.95,51.1,299.1
all,Hunter,BeastMastery,DPS,12,1380,1365,892,180982,180918,223074,0.84,54.1,302.2
all,Hunter,BeastMastery,DPS,13,970,963,547,192524,192054,230620,0.74,50.2,305.4
all,Hunter,BeastMastery,DPS,14,534,533,274,198105,198422,237964,0.96,40.6,307.0
all,Hunter,BeastMastery,DPS,15,116,116,74,213982,213179,252139,1.07,44.0,307.7
all,Hunter,BeastMastery,DPS,16,16,16,12,237954,238624,273998,0.88,50.0,308.3
all,Hunter,BeastMastery,DPS,17,11,11,3,273093,271512,321847,0.91,54.5,310.9
all,Hunter,BeastMastery,DPS,18,4,4,1,317319,327408,339394,0.25,75.0,311.5
all,Hunter,Marksmanship,DPS,2,363,356,342,107682,106355,138109,0.21,82.6,291.1
all,Hunter,Marksmanship,DPS,3,47,47,47,108066,103614,138687,0.49,74.5,292.0
all,Hunter,Marksmanship,DPS,4,141,141,135,116001,112488,151774,0.2,82.3,292.6
all,Hunter,Marksmanship,DPS,5,272,268,252,129314,129576,165667,0.3,76.1,293.2
all,Hunter,Marksmanship,DPS,6,150,150,137,138240,136493,174835,0.19,83.3,296.3
all,Hunter,Marksmanship,DPS,7,109,107,103,156266,156964,195582,0.31,73.4,297.5
all,Hunter,Marksmanship,DPS,8,108,108,108,174617,173802,214102,0.31,77.8,298.1
all,Hunter,Marksmanship,DPS,9,199,198,179,185312,185833,224693,0.28,75.9,300.0
all,Hunter,Marksmanship,DPS,10,2265,2199,865,202349,204125,245589,0.32,74.5,302.4
all,Hunter,Marksmanship,DPS,11,1239,1221,751,187512,186905,233267,0.83,53.8,299.9
all,Hunter,Marksmanship,DPS,12,788,780,487,187877,189959,230109,0.75,56.5,302.8
all,Hunter,Marksmanship,DPS,13,562,561,319,198715,199308,237181,0.66,51.8,305.6
all,Hunter,Marksmanship,DPS,14,384,383,195,207737,208968,249271,0.9,46.9,307.4
all,Hunter,Marksmanship,DPS,15,132,132,57,228048,233181,265627,0.84,43.9,308.7
all,Hunter,Marksmanship,DPS,16,34,34,16,253355,255252,308567,0.59,55.9,310.0
all,Hunter,Marksmanship,DPS,17,5,5,3,290436,293662,331833,0.8,40.0,309.6
all,Hunter,Marksmanship,DPS,18,3,3,1,294426,310917,342975,0.67,33.3,311.0
all,Hunter,Survival,DPS,2,165,163,143,104607,102341,141240,0.18,85.5,290.9
all,Hunter,Survival,DPS,3,39,39,39,106513,103549,135267,0.28,79.5,292.2
all,Hunter,Survival,DPS,4,71,71,71,116972,116064,145575,0.11,88.7,292.8
all,Hunter,Survival,DPS,5,121,121,114,129427,124814,171355,0.27,76.9,293.9
all,Hunter,Survival,DPS,6,90,89,75,134245,135764,164088,0.21,82.2,296.2
all,Hunter,Survival,DPS,7,43,43,40,155514,152008,199772,0.23,81.4,296.1
all,Hunter,Survival,DPS,8,39,39,37,170162,170246,203362,0.21,82.1,297.2
all,Hunter,Survival,DPS,9,45,45,43,172284,178467,208663,0.29,73.3,298.2
all,Hunter,Survival,DPS,10,259,258,151,176625,171512,223768,0.39,68.7,299.3
all,Hunter,Survival,DPS,11,240,239,177,165935,165880,210613,1.12,46.2,297.1
all,Hunter,Survival,DPS,12,160,160,105,172391,172190,215293,0.84,53.8,301.3
all,Hunter,Survival,DPS,13,118,116,67,187006,188177,220789,0.64,55.9,305.5
all,Hunter,Survival,DPS,14,72,71,34,199913,203608,237266,0.97,41.7,308.4
all,Hunter,Survival,DPS,15,31,30,17,212528,212852,246980,0.84,38.7,310.4
all,Hunter,Survival,DPS,16,7,7,3,237304,234222,273305,1.57,28.6,307.1
all,Mage,Arcane,DPS,2,2241,2107,2026,116622,113807,156820,0.26,79.1,290.4
all,Mage,Arcane,DPS,3,365,353,355,121028,118997,159090,0.27,78.1,290.6
all,Mage,Arcane,DPS,4,986,948,940,125505,124333,162386,0.27,77.9,291.7
all,Mage,Arcane,DPS,5,1831,1746,1708,137202,134919,178037,0.27,77.8,293.5
all,Mage,Arcane,DPS,6,1242,1180,1093,149255,147965,190857,0.21,82.2,295.9
all,Mage,Arcane,DPS,7,844,799,791,176207,174754,218599,0.31,74.9,297.0
all,Mage,Arcane,DPS,8,865,823,804,192539,192516,237897,0.29,75.3,298.8
all,Mage,Arcane,DPS,9,1249,1174,1131,197259,196907,246033,0.29,76.4,299.9
all,Mage,Arcane,DPS,10,8022,7507,3339,216214,216712,266842,0.34,72.9,302.3
all,Mage,Arcane,DPS,11,7054,6675,4018,201772,200852,254898,0.74,57.5,300.5
all,Mage,Arcane,DPS,12,6835,6562,3691,209749,209670,257337,0.6,61.0,303.8
all,Mage,Arcane,DPS,13,6232,6094,3168,216508,216999,259324,0.63,54.8,305.9
all,Mage,Arcane,DPS,14,5026,4924,2072,226875,227600,270255,0.84,47.1,307.4
all,Mage,Arcane,DPS,15,2005,1974,790,242875,244556,288031,0.85,46.7,308.8
all,Mage,Arcane,DPS,16,683,674,242,262216,264123,307515,0.78,51.0,310.1
all,Mage,Arcane,DPS,17,193,193,55,282573,288213,326097,0.7,53.9,310.9
all,Mage,Arcane,DPS,18,39,39,12,301559,305162,340902,0.64,59.0,310.2
all,Mage,Fire,DPS,2,86,86,76,109344,108240,148602,0.22,82.6,288.7
all,Mage,Fire,DPS,3,13,13,13,108189,114028,132983,0.54,69.2,288.5
all,Mage,Fire,DPS,4,27,27,27,115610,111055,149798,0.0,100.0,290.9
all,Mage,Fire,DPS,5,47,47,46,119707,118970,157186,0.13,87.2,292.2
all,Mage,Fire,DPS,6,23,23,22,122882,120493,152659,0.13,87.0,292.8
all,Mage,Fire,DPS,7,25,25,24,179508,180140,222262,0.24,84.0,298.2
all,Mage,Fire,DPS,8,20,20,20,198451,199910,256811,0.2,85.0,298.1
all,Mage,Fire,DPS,9,26,26,23,195545,192542,256300,0.12,88.5,297.6
all,Mage,Fire,DPS,10,173,173,78,211397,207371,268674,0.2,85.5,298.5
all,Mage,Fire,DPS,11,109,109,76,201562,201495,251965,0.65,62.4,296.4
all,Mage,Fire,DPS,12,102,102,55,200008,194411,250857,0.75,64.7,300.2
all,Mage,Fire,DPS,13,42,42,25,216230,217510,245876,0.38,71.4,301.8
all,Mage,Fire,DPS,14,15,15,11,212103,214327,241338,1.2,33.3,304.7
all,Mage,Fire,DPS,15,1,1,1,215429,215429,215429,1.0,0.0,306.0
all,Mage,Frost,DPS,2,362,356,335,100679,98710,134225,0.26,80.1,290.7
all,Mage,Frost,DPS,3,57,56,56,105911,104284,127784,0.39,70.2,291.6
all,Mage,Frost,DPS,4,132,131,129,109762,108742,136434,0.3,74.2,292.5
all,Mage,Frost,DPS,5,220,219,209,122913,121188,152840,0.3,75.0,293.0
all,Mage,Frost,DPS,6,108,108,104,127129,125390,158734,0.28,78.7,294.3
all,Mage,Frost,DPS,7,40,40,39,153087,155791,176176,0.32,70.0,294.5
all,Mage,Frost,DPS,8,38,38,37,163917,161497,193980,0.29,71.1,296.0
all,Mage,Frost,DPS,9,27,27,27,157140,155070,187418,0.48,59.3,296.4
all,Mage,Frost,DPS,10,192,192,132,173199,171138,213655,0.61,62.0,298.1
all,Mage,Frost,DPS,11,200,200,149,168261,169507,200771,1.25,39.0,296.7
all,Mage,Frost,DPS,12,81,81,59,171495,171776,210316,1.21,46.9,299.9
all,Mage,Frost,DPS,13,45,45,25,184508,182890,216614,0.71,53.3,304.3
all,Mage,Frost,DPS,14,24,24,11,199646,201388,248437,1.17,37.5,306.2
all,Mage,Frost,DPS,15,5,5,2,213281,209870,239728,0.8,60.0,310.0
all,Monk,Brewmaster,Tank,2,412,412,359,63039,62888,82825,0.13,89.1,292.3
all,Monk,Brewmaster,Tank,3,76,76,76,59292,60314,77404,0.13,90.8,290.6
all,Monk,Brewmaster,Tank,4,158,158,150,65332,63558,86132,0.15,87.3,292.2
all,Monk,Brewmaster,Tank,5,274,274,257,70917,70002,89702,0.1,91.2,293.6
all,Monk,Brewmaster,Tank,6,185,185,169,70246,69178,89318,0.09,92.4,293.4
all,Monk,Brewmaster,Tank,7,82,82,77,86126,81776,114742,0.12,87.8,294.8
all,Monk,Brewmaster,Tank,8,100,100,91,91675,89598,117585,0.17,85.0,295.9
all,Monk,Brewmaster,Tank,9,146,146,131,95680,94129,118726,0.14,88.4,298.2
all,Monk,Brewmaster,Tank,10,1117,1117,489,101351,99792,125567,0.13,88.4,300.3
all,Monk,Brewmaster,Tank,11,831,831,462,98042,96882,124156,0.49,72.3,298.2
all,Monk,Brewmaster,Tank,12,582,582,296,100048,99008,123589,0.36,76.5,300.4
all,Monk,Brewmaster,Tank,13,384,384,189,106783,106598,129161,0.23,79.9,303.6
all,Monk,Brewmaster,Tank,14,275,275,120,113389,112325,134747,0.37,72.7,304.9
all,Monk,Brewmaster,Tank,15,151,151,55,120347,120938,142221,0.23,78.8,306.2
all,Monk,Brewmaster,Tank,16,87,87,23,133190,130443,155623,0.23,82.8,306.8
all,Monk,Brewmaster,Tank,17,25,25,12,138206,138864,161130,0.24,84.0,308.5
all,Monk,Brewmaster,Tank,18,4,4,3,158250,160443,175926,0.25,75.0,309.8
all,Monk,Mistweaver,Healer,2,578,578,511,29277,29150,41428,0.15,86.7,289.8
all,Monk,Mistweaver,Healer,3,93,93,91,30273,30059,41288,0.27,78.5,289.6
all,Monk,Mistweaver,Healer,4,242,242,231,31411,31235,42434,0.14,87.6,290.8
all,Monk,Mistweaver,Healer,5,463,463,430,32610,33345,44212,0.18,85.1,291.7
all,Monk,Mistweaver,Healer,6,346,346,303,33518,33516,44412,0.13,87.3,293.0
all,Monk,Mistweaver,Healer,7,220,220,208,38223,38866,49947,0.22,80.5,294.5
all,Monk,Mistweaver,Healer,8,253,253,241,40799,40371,50760,0.27,76.3,294.7
all,Monk,Mistweaver,Healer,9,278,278,269,41515,41245,53039,0.32,73.7,295.7
all,Monk,Mistweaver,Healer,10,1756,1756,867,45347,45548,57372,0.31,75.4,298.9
all,Monk,Mistweaver,Healer,11,1503,1503,913,43204,43446,55354,0.65,61.3,297.5
all,Monk,Mistweaver,Healer,12,1077,1077,621,45618,45762,56626,0.59,62.8,300.9
all,Monk,Mistweaver,Healer,13,754,754,371,47356,47336,59005,0.51,60.3,303.2
all,Monk,Mistweaver,Healer,14,453,453,210,48883,49223,60072,0.68,53.4,305.2
all,Monk,Mistweaver,Healer,15,163,163,69,54364,54544,65723,0.59,57.7,306.1
all,Monk,Mistweaver,Healer,16,56,56,16,60578,59536,74140,0.57,60.7,307.3
all,Monk,Mistweaver,Healer,17,16,16,4,67340,66338,80430,0.56,56.2,309.2
all,Monk,Mistweaver,Healer,18,1,1,1,64167,64167,64167,0.0,100.0,310.0
all,Monk,Windwalker,DPS,2,493,486,442,104989,103783,138202,0.2,82.8,290.7
all,Monk,Windwalker,DPS,3,87,86,87,99360,99136,125932,0.26,82.8,290.0
all,Monk,Windwalker,DPS,4,205,204,196,116156,113738,151069,0.21,82.9,292.9
all,Monk,Windwalker,DPS,5,397,392,371,128513,127663,163484,0.22,80.9,294.0
all,Monk,Windwalker,DPS,6,241,239,220,140662,136351,176773,0.14,88.4,296.2
all,Monk,Windwalker,DPS,7,172,170,164,159739,154948,205132,0.34,71.5,296.9
all,Monk,Windwalker,DPS,8,167,166,160,172332,167578,212544,0.34,71.9,297.1
all,Monk,Windwalker,DPS,9,215,214,207,183546,182006,242782,0.35,72.6,299.4
all,Monk,Windwalker,DPS,10,1646,1634,724,197538,195949,254890,0.41,68.5,301.6
all,Monk,Windwalker,DPS,11,1204,1201,765,179761,177204,236459,0.98,48.5,299.1
all,Monk,Windwalker,DPS,12,952,952,576,186300,185816,237399,0.79,52.9,302.6
all,Monk,Windwalker,DPS,13,770,770,413,200993,199596,248546,0.75,50.0,306.1
all,Monk,Windwalker,DPS,14,528,527,236,211010,210428,257312,0.99,41.5,307.7
all,Monk,Windwalker,DPS,15,210,210,92,222000,222374,265564,0.96,41.0,308.7
all,Monk,Windwalker,DPS,16,48,48,19,246536,250757,294589,0.81,41.7,309.3
all,Monk,Windwalker,DPS,17,7,7,5,240712,242267,282236,1.29,28.6,308.6
all,Paladin,Holy,Healer,2,1362,1362,1247,16560,14428,29750,0.13,89.2,288.1
all,Paladin,Holy,Healer,3,245,245,239,14813,14137,23913,0.15,86.9,287.7
all,Paladin,Holy,Healer,4,591,591,576,16991,15249,27666,0.14,87.6,289.7
all,Paladin,Holy,Healer,5,1086,1086,1019,17746,15628,31528,0.16,86.5,291.1
all,Paladin,Holy,Healer,6,778,774,716,17702,15834,29231,0.15,87.5,292.3
all,Paladin,Holy,Healer,7,487,487,465,20598,18358,34942,0.18,84.8,293.4
all,Paladin,Holy,Healer,8,478,478,459,22827,19460,40254,0.27,76.6,294.6
all,Paladin,Holy,Healer,9,653,653,619,21900,18583,39129,0.25,79.6,296.3
all,Paladin,Holy,Healer,10,4074,4074,2080,25736,22050,45913,0.29,76.8,298.7
all,Paladin,Holy,Healer,11,4114,4114,2645,25099,20986,46920,0.63,61.2,297.8
all,Paladin,Holy,Healer,12,4311,4311,2537,26401,22540,46686,0.54,64.0,301.5
all,Paladin,Holy,Healer,13,4264,4262,2216,25999,22508,45868,0.58,56.8,304.1
all,Paladin,Holy,Healer,14,3426,3426,1444,27243,23728,47435,0.78,49.1,305.9
all,Paladin,Holy,Healer,15,1455,1455,564,33405,29690,56786,0.84,48.5,307.5
all,Paladin,Holy,Healer,16,559,559,189,42209,43445,60257,0.82,48.1,308.9
all,Paladin,Holy,Healer,17,174,174,48,49368,50400,66210,0.8,44.3,310.4
all,Paladin,Holy,Healer,18,42,42,12,56037,58344,70712,0.62,59.5,310.9
all,Paladin,Protection,Tank,2,1414,1414,1293,66873,66082,89115,0.06,95.0,291.0
all,Paladin,Protection,Tank,3,261,261,260,64492,63585,85683,0.09,92.0,289.4
all,Paladin,Protection,Tank,4,606,606,591,69048,68316,90424,0.06,94.9,291.2
all,Paladin,Protection,Tank,5,1069,1069,996,77215,74798,101235,0.08,92.5,292.7
all,Paladin,Protection,Tank,6,779,779,632,80378,78167,106321,0.04,95.8,294.0
all,Paladin,Protection,Tank,7,473,473,423,92629,91478,122159,0.09,91.5,294.3
all,Paladin,Protection,Tank,8,410,410,381,100094,101000,127169,0.07,93.2,295.7
all,Paladin,Protection,Tank,9,542,542,497,100405,99232,128706,0.07,93.4,297.3
all,Paladin,Protection,Tank,10,3243,3243,1409,107901,107332,135418,0.09,91.4,299.8
all,Paladin,Protection,Tank,11,2678,2678,1659,101234,100054,130305,0.32,79.1,297.5
all,Paladin,Protection,Tank,12,2271,2271,1313,101805,100592,127921,0.26,82.9,301.5
all,Paladin,Protection,Tank,13,2000,2000,1008,105151,104844,128763,0.18,84.4,304.5
all,Paladin,Protection,Tank,14,1445,1445,593,107070,106706,131134,0.28,76.6,306.5
all,Paladin,Protection,Tank,15,437,437,181,115345,115881,140187,0.22,81.9,307.6
all,Paladin,Protection,Tank,16,60,60,35,122176,123788,149355,0.25,81.7,307.4
all,Paladin,Protection,Tank,17,2,2,1,135454,135454,143132,0.0,100.0,309.0
all,Paladin,Retribution,DPS,2,1401,1341,1277,111383,109414,147035,0.17,85.5,291.9
all,Paladin,Retribution,DPS,3,230,224,225,110855,110404,145360,0.22,82.6,290.8
all,Paladin,Retribution,DPS,4,591,575,571,124185,123985,156478,0.16,85.8,293.2
all,Paladin,Retribution,DPS,5,1077,1039,1008,134335,134037,171677,0.18,85.2,293.9
all,Paladin,Retribution,DPS,6,664,642,583,146680,144696,188232,0.18,83.3,296.3
all,Paladin,Retribution,DPS,7,392,375,357,169089,167516,218717,0.22,81.1,296.6
all,Paladin,Retribution,DPS,8,344,334,330,184570,183371,230357,0.26,77.6,297.2
all,Paladin,Retribution,DPS,9,417,401,396,187046,183863,235606,0.25,79.4,298.2
all,Paladin,Retribution,DPS,10,2250,2207,1149,201492,200404,253333,0.38,70.5,300.5
all,Paladin,Retribution,DPS,11,2296,2251,1578,192281,189902,245811,0.78,55.4,299.0
all,Paladin,Retribution,DPS,12,2142,2117,1364,194497,194821,241170,0.67,57.9,301.9
all,Paladin,Retribution,DPS,13,2130,2112,1167,206153,206952,249242,0.65,54.0,304.7
all,Paladin,Retribution,DPS,14,1627,1615,722,216299,217673,259033,0.94,42.0,306.5
all,Paladin,Retribution,DPS,15,486,483,224,230524,228943,275148,0.96,42.4,308.0
all,Paladin,Retribution,DPS,16,125,120,45,253005,254752,297540,0.87,41.6,309.6
all,Paladin,Retribution,DPS,17,34,29,9,269125,261250,326466,0.94,29.4,310.5
all,Paladin,Retribution,DPS,18,2,2,2,281450,281450,309025,1.0,50.0,311.0
all,Priest,Discipline,Healer,2,439,439,406,13194,12332,19129,0.2,83.4,289.3
all,Priest,Discipline,Healer,3,92,92,91,13250,13241,16754,0.38,67.4,288.7
all,Priest,Discipline,Healer,4,207,207,203,13621,13341,18099,0.23,82.1,291.5
all,Priest,Discipline,Healer,5,376,376,346,14523,13824,20214,0.24,80.9,292.0
all,Priest,Discipline,Healer,6,259,259,219,14779,14442,19887,0.17,84.9,294.0
all,Priest,Discipline,Healer,7,140,140,121,15683,14582,22349,0.3,74.3,295.1
all,Priest,Discipline,Healer,8,144,144,134,17399,15814,23780,0.31,75.7,294.9
all,Priest,Discipline,Healer,9,194,194,178,19093,17130,31192,0.29,77.3,296.6
all,Priest,Discipline,Healer,10,1455,1455,672,22134,19250,35991,0.4,68.9,298.7
all,Priest,Discipline,Healer,11,1080,1080,690,19615,17384,29676,1.0,49.4,297.2
all,Priest,Discipline,Healer,12,494,494,334,20664,18808,30108,0.77,56.5,301.2
all,Priest,Discipline,Healer,13,302,302,167,21116,19970,26491,0.52,61.6,304.0
all,Priest,Discipline,Healer,14,206,206,102,21232,19767,27788,0.79,51.0,305.3
all,Priest,Discipline,Healer,15,61,61,29,25542,20361,52382,0.8,50.8,307.0
all,Priest,Discipline,Healer,16,6,6,4,30540,20192,53291,0.5,66.7,307.0
all,Priest,Holy,Healer,2,655,655,593,16772,16214,28489,0.05,95.4,289.4
all,Priest,Holy,Healer,3,107,107,105,16860,16116,28213,0.04,96.3,290.2
all,Priest,Holy,Healer,4,241,241,237,18357,17446,30143,0.05,95.4,291.7
all,Priest,Holy,Healer,5,472,472,447,17681,16468,30647,0.06,94.5,292.3
all,Priest,Holy,Healer,6,282,282,252,19046,18867,30575,0.05,95.7,293.8
all,Priest,Holy,Healer,7,141,141,137,23913,23153,36696,0.06,94.3,296.7
all,Priest,Holy,Healer,8,127,127,120,23283,22433,36320,0.07,93.7,296.4
all,Priest,Holy,Healer,9,248,248,223,24026,23384,39366,0.08,92.3,298.4
all,Priest,Holy,Healer,10,1862,1862,904,28131,27974,42505,0.08,93.0,300.9
all,Priest,Holy,Healer,11,1209,1209,805,25256,24708,38808,0.24,83.2,299.0
all,Priest,Holy,Healer,12,982,982,615,24524,24322,37210,0.22,84.0,301.8
all,Priest,Holy,Healer,13,751,751,423,24369,23311,38174,0.23,82.6,305.1
all,Priest,Holy,Healer,14,610,610,288,23619,23263,35686,0.43,71.6,306.1
all,Priest,Holy,Healer,15,212,212,94,24984,25345,36908,0.41,70.8,307.8
all,Priest,Holy,Healer,16,52,52,17,29336,28200,38440,0.29,75.0,310.2
all,Priest,Holy,Healer,17,12,12,4,29811,26793,42588,0.25,75.0,310.7
all,Priest,Shadow,DPS,2,582,574,533,106009,104748,139400,0.17,85.1,291.0
all,Priest,Shadow,DPS,3,105,105,102,109550,106078,140090,0.32,76.2,291.2
all,Priest,Shadow,DPS,4,230,228,221,118751,117940,150680,0.19,84.3,292.8
all,Priest,Shadow,DPS,5,462,457,437,128486,129518,162209,0.19,83.5,293.8
all,Priest,Shadow,DPS,6,257,256,228,139968,138981,178009,0.16,84.4,295.9
all,Priest,Shadow,DPS,7,177,177,163,167937,163598,216186,0.23,80.8,297.1
all,Priest,Shadow,DPS,8,185,184,179,174468,177004,214935,0.24,80.5,296.9
all,Priest,Shadow,DPS,9,264,264,248,183280,183746,222608,0.28,76.5,298.7
all,Priest,Shadow,DPS,10,1830,1793,832,200176,201175,247657,0.34,73.4,300.2
all,Priest,Shadow,DPS,11,1468,1456,840,186256,184358,236080,0.86,53.7,297.9
all,Priest,Shadow,DPS,12,1106,1102,665,189266,189666,233008,0.83,56.2,301.3
all,Priest,Shadow,DPS,13,726,726,417,199994,200698,239348,0.68,53.6,304.0
all,Priest,Shadow,DPS,14,532,532,254,207152,209270,249018,1.03,43.0,305.6
all,Priest,Shadow,DPS,15,141,141,72,222108,225954,259701,0.99,44.7,306.8
all,Priest,Shadow,DPS,16,28,28,17,235254,238835,274965,0.86,39.3,308.3
all,Priest,Shadow,DPS,17,7,7,3,261762,265024,294863,1.14,28.6,309.3
all,Rogue,Assassination,DPS,2,352,351,320,113485,111666,154838,0.22,84.1,288.0
all,Rogue,Assassination,DPS,3,74,74,72,116608,114360,152249,0.32,77.0,289.9
all,Rogue,Assassination,DPS,4,145,144,140,127750,124083,174332,0.14,86.2,291.4
all,Rogue,Assassination,DPS,5,305,304,275,141735,140974,188672,0.21,83.0,292.0
all,Rogue,Assassination,DPS,6,201,201,186,156517,155667,207890,0.15,86.1,294.7
all,Rogue,Assassination,DPS,7,140,140,137,186545,187737,227606,0.27,80.0,294.7
all,Rogue,Assassination,DPS,8,129,129,122,209029,211240,248516,0.27,78.3,297.9
all,Rogue,Assassination,DPS,9,187,185,171,208109,209602,261877,0.27,78.1,298.3
all,Rogue,Assassination,DPS,10,1174,1170,562,226632,228728,281978,0.33,74.5,301.1
all,Rogue,Assassination,DPS,11,1017,1011,661,218393,217844,274041,0.6,63.3,299.6
all,Rogue,Assassination,DPS,12,1069,1064,608,214719,216810,263330,0.68,58.7,302.0
all,Rogue,Assassination,DPS,13,983,981,510,219048,218658,267425,0.77,50.1,303.3
all,Rogue,Assassination,DPS,14,848,846,363,226383,227315,273838,1.06,41.9,305.0
all,Rogue,Assassination,DPS,15,393,393,161,243544,244545,296901,1.02,42.0,306.3
all,Rogue,Assassination,DPS,16,120,120,51,258432,266538,307123,1.3,27.5,307.3
all,Rogue,Assassination,DPS,17,35,35,10,273986,276127,316173,1.29,37.1,307.7
all,Rogue,Assassination,DPS,18,12,12,3,288196,290212,321464,1.75,25.0,309.0
all,Rogue,Outlaw,DPS,2,254,252,230,111914,105086,162142,0.21,81.5,289.1
all,Rogue,Outlaw,DPS,3,51,51,49,114054,102285,152440,0.27,78.4,289.8
all,Rogue,Outlaw,DPS,4,116,116,112,119891,120506,156768,0.28,75.0,290.6
all,Rogue,Outlaw,DPS,5,191,191,178,133086,131435,179151,0.23,82.2,291.0
all,Rogue,Outlaw,DPS,6,149,148,124,152159,148630,208835,0.15,88.6,293.9
all,Rogue,Outlaw,DPS,7,95,95,88,180459,181056,225057,0.22,78.9,293.7
all,Rogue,Outlaw,DPS,8,89,87,84,193747,193581,238146,0.26,79.8,295.1
all,Rogue,Outlaw,DPS,9,113,112,104,202487,198929,252270,0.2,83.2,297.2
all,Rogue,Outlaw,DPS,10,694,692,352,211371,209890,272096,0.38,72.2,298.6
all,Rogue,Outlaw,DPS,11,734,728,440,204085,205302,262990,0.76,60.6,297.3
all,Rogue,Outlaw,DPS,12,682,676,372,206208,207391,255623,0.68,60.6,299.5
all,Rogue,Outlaw,DPS,13,580,579,304,214830,214412,262958,0.69,55.3,302.7
all,Rogue,Outlaw,DPS,14,477,476,187,222271,223519,272056,0.85,49.3,303.9
all,Rogue,Outlaw,DPS,15,244,244,87,237966,239187,289939,0.95,39.8,305.6
all,Rogue,Outlaw,DPS,16,108,107,36,264303,265004,313604,0.88,50.0,306.6
all,Rogue,Outlaw,DPS,17,23,23,14,273261,277686,295146,1.0,43.5,304.9
all,Rogue,Outlaw,DPS,18,3,3,2,281354,291188,302383,1.0,33.3,300.7
all,Rogue,Subtlety,DPS,2,416,414,386,120536,117356,159930,0.17,88.0,291.5
all,Rogue,Subtlety,DPS,3,83,81,83,121789,120109,161565,0.04,96.4,291.3
all,Rogue,Subtlety,DPS,4,155,155,150,130464,133254,164966,0.15,87.7,292.4
all,Rogue,Subtlety,DPS,5,319,317,302,145458,143111,192579,0.16,85.9,293.9
all,Rogue,Subtlety,DPS,6,269,267,225,155601,154727,201797,0.09,91.4,295.0
all,Rogue,Subtlety,DPS,7,168,166,156,180970,181166,228831,0.26,79.8,296.5
all,Rogue,Subtlety,DPS,8,228,226,215,197069,197156,244393,0.21,82.9,297.3
all,Rogue,Subtlety,DPS,9,276,269,251,196012,194042,246603,0.21,83.7,298.5
all,Rogue,Subtlety,DPS,10,2315,2247,946,217147,215835,272032,0.29,78.1,301.3
all,Rogue,Subtlety,DPS,11,1689,1673,956,203773,203788,257749,0.64,63.4,299.3
all,Rogue,Subtlety,DPS,12,1308,1298,762,203830,204667,254422,0.56,65.2,302.0
all,Rogue,Subtlety,DPS,13,1003,1001,528,210891,211881,253596,0.58,61.2,304.2
all,Rogue,Subtlety,DPS,14,809,805,354,216123,216740,261269,0.79,50.7,305.8
all,Rogue,Subtlety,DPS,15,277,274,136,232471,234553,279215,0.74,49.8,307.4
all,Rogue,Subtlety,DPS,16,72,71,35,255998,261148,296683,0.79,48.6,309.2
all,Rogue,Subtlety,DPS,17,16,14,9,283712,289897,336327,1.06,25.0,309.5
all,Rogue,Subtlety,DPS,18,1,1,1,255626,255626,255626,1.0,0.0,308.0
all,Shaman,Elemental,DPS,2,1259,1222,1149,117247,116448,155608,0.2,84.0,289.9
all,Shaman,Elemental,DPS,3,213,210,211,115355,113389,151545,0.27,77.9,288.7
all,Shaman,Elemental,DPS,4,561,553,540,127531,126741,162384,0.17,85.4,291.4
all,Shaman,Elemental,DPS,5,1065,1033,996,138669,137893,179643,0.22,82.3,292.9
all,Shaman,Elemental,DPS,6,752,739,677,149893,148286,190294,0.17,85.2,294.3
all,Shaman,Elemental,DPS,7,454,443,421,173661,170801,219857,0.25,78.4,295.4
all,Shaman,Elemental,DPS,8,448,435,414,193599,191635,237970,0.23,80.1,297.0
all,Shaman,Elemental,DPS,9,616,609,557,198950,196764,255088,0.26,78.6,298.4
all,Shaman,Elemental,DPS,10,3880,3813,1745,216917,216910,270898,0.33,74.4,300.7
all,Shaman,Elemental,DPS,11,3425,3361,2174,204953,206030,260759,0.78,55.9,299.0
all,Shaman,Elemental,DPS,12,3488,3442,1945,207732,209710,255083,0.67,59.5,302.5
all,Shaman,Elemental,DPS,13,3297,3270,1678,215048,215433,260367,0.7,52.5,304.8
all,Shaman,Elemental,DPS,14,2633,2616,1122,223609,224670,270314,1.04,42.6,306.2
all,Shaman,Elemental,DPS,15,1176,1171,469,241990,243126,289764,1.04,42.9,308.1
all,Shaman,Elemental,DPS,16,508,497,168,262114,264800,310590,0.96,44.1,309.4
all,Shaman,Elemental,DPS,17,182,182,48,284359,291834,334266,1.02,38.5,311.0
all,Shaman,Elemental,DPS,18,44,44,15,310587,311622,365119,0.8,45.5,311.6
all,Shaman,Enhancement,DPS,2,418,416,381,113525,113770,153944,0.24,79.9,289.8
all,Shaman,Enhancement,DPS,3,73,73,70,113905,112372,143513,0.23,79.5,290.9
all,Shaman,Enhancement,DPS,4,185,185,176,122980,122743,157396,0.26,77.8,291.8
all,Shaman,Enhancement,DPS,5,334,333,309,141993,137658,187583,0.29,76.0,293.3
all,Shaman,Enhancement,DPS,6,245,242,213,148609,147090,190100,0.24,80.4,295.6
all,Shaman,Enhancement,DPS,7,140,139,132,165265,163194,206933,0.34,71.4,295.4
all,Shaman,Enhancement,DPS,8,151,148,147,187399,190017,232397,0.37,71.5,297.1
all,Shaman,Enhancement,DPS,9,199,198,182,188951,188733,230802,0.35,72.4,297.4
all,Shaman,Enhancement,DPS,10,1181,1178,539,209814,209153,263095,0.49,63.8,300.7
all,Shaman,Enhancement,DPS,11,936,933,556,197853,196892,248926,1.02,46.0,298.9
all,Shaman,Enhancement,DPS,12,729,724,398,200797,202922,244548,0.91,50.9,302.1
all,Shaman,Enhancement,DPS,13,570,570,293,209938,210047,249156,0.78,48.4,304.6
all,Shaman,Enhancement,DPS,14,382,380,142,218803,218424,262091,0.98,41.1,306.2
all,Shaman,Enhancement,DPS,15,127,127,52,226580,229378,270037,1.21,33.1,307.5
all,Shaman,Enhancement,DPS,16,21,21,13,235209,235894,271309,1.19,28.6,307.1
all,Shaman,Restoration,Healer,2,1531,1531,1386,17976,17573,28005,0.17,86.3,288.4
all,Shaman,Restoration,Healer,3,284,284,280,18076,18789,27028,0.19,84.5,288.9
all,Shaman,Restoration,Healer,4,683,683,654,19047,18892,27976,0.13,88.3,290.4
all,Shaman,Restoration,Healer,5,1217,1217,1155,19809,19707,29307,0.18,84.8,291.5
all,Shaman,Restoration,Healer,6,839,839,751,20613,20116,31215,0.13,88.8,292.6
all,Shaman,Restoration,Healer,7,604,604,559,22885,22802,32196,0.19,83.6,294.2
all,Shaman,Restoration,Healer,8,579,579,542,25156,24586,35299,0.19,84.5,294.8
all,Shaman,Restoration,Healer,9,735,735,691,25045,24581,35224,0.24,79.7,296.2
all,Shaman,Restoration,Healer,10,4903,4903,2445,28522,27560,40777,0.25,80.6,299.0
all,Shaman,Restoration,Healer,11,4470,4470,2836,25803,25250,36035,0.61,63.3,297.1
all,Shaman,Restoration,Healer,12,4272,4272,2463,28392,27959,38686,0.5,67.5,300.5
all,Shaman,Restoration,Healer,13,3814,3814,1976,29772,29496,39831,0.47,64.6,303.3
all,Shaman,Restoration,Healer,14,2922,2922,1201,31541,31192,41696,0.64,57.0,305.2
all,Shaman,Restoration,Healer,15,1030,1030,425,33507,33286,43825,0.61,58.2,306.4
all,Shaman,Restoration,Healer,16,253,253,101,37492,37397,46897,0.61,56.5,307.1
all,Shaman,Restoration,Healer,17,54,54,24,39996,39914,51307,0.7,57.4,307.2
all,Shaman,Restoration,Healer,18,12,12,5,40568,40552,50314,0.67,58.3,308.7
all,Warlock,Affliction,DPS,2,175,174,160,107314,105643,138453,0.17,84.6,291.1
all,Warlock,Affliction,DPS,3,48,48,46,105449,103054,136617,0.27,81.2,291.4
all,Warlock,Affliction,DPS,4,74,74,73,118695,118306,152179,0.2,82.4,293.3
all,Warlock,Affliction,DPS,5,119,119,110,132171,129772,169988,0.17,86.6,294.4
all,Warlock,Affliction,DPS,6,82,82,76,140371,136463,181884,0.11,89.0,295.4
all,Warlock,Affliction,DPS,7,46,46,43,159689,161124,197596,0.41,65.2,295.1
all,Warlock,Affliction,DPS,8,31,31,31,178936,168415,228375,0.48,67.7,297.1
all,Warlock,Affliction,DPS,9,37,37,36,181824,185711,231347,0.16,86.5,299.5
all,Warlock,Affliction,DPS,10,251,251,155,209714,211260,279716,0.36,71.7,302.0
all,Warlock,Affliction,DPS,11,170,170,137,174388,168745,238069,1.04,50.0,297.2
all,Warlock,Affliction,DPS,12,101,101,79,182950,177272,236332,0.8,54.5,301.9
all,Warlock,Affliction,DPS,13,74,74,51,202985,204018,244528,0.59,58.1,305.9
all,Warlock,Affliction,DPS,14,42,42,29,209229,214949,248055,0.57,64.3,306.2
all,Warlock,Affliction,DPS,15,4,4,4,187276,187248,223142,0.25,75.0,305.2
all,Warlock,Demonology,DPS,2,639,628,590,115036,114079,154724,0.21,83.3,291.8
all,Warlock,Demonology,DPS,3,115,112,114,117865,111394,158090,0.22,83.5,291.7
all,Warlock,Demonology,DPS,4,296,292,285,125042,123564,159617,0.25,81.8,292.9
all,Warlock,Demonology,DPS,5,462,460,430,136771,132884,177044,0.27,77.7,293.7
all,Warlock,Demonology,DPS,6,329,325,290,149971,147162,194111,0.16,86.0,296.1
all,Warlock,Demonology,DPS,7,201,197,192,179215,176258,225779,0.17,84.1,297.0
all,Warlock,Demonology,DPS,8,183,181,174,191887,193023,231686,0.17,85.2,298.6
all,Warlock,Demonology,DPS,9,300,297,279,199859,197948,245101,0.31,74.3,299.2
all,Warlock,Demonology,DPS,10,2284,2248,1068,218119,219460,269158,0.36,73.2,301.4
all,Warlock,Demonology,DPS,11,1647,1638,1052,203310,202639,258033,0.9,53.6,299.1
all,Warlock,Demonology,DPS,12,1162,1153,736,208669,208066,258462,0.68,58.7,302.2
all,Warlock,Demonology,DPS,13,905,894,530,215368,217538,258847,0.63,55.6,304.7
all,Warlock,Demonology,DPS,14,492,492,279,223986,224736,272031,1.03,41.3,306.2
all,Warlock,Demonology,DPS,15,159,159,74,242563,241473,293897,0.85,48.4,308.0
all,Warlock,Demonology,DPS,16,46,46,14,267647,263934,312733,0.67,52.2,308.9
all,Warlock,Demonology,DPS,17,5,5,3,280351,296179,327209,0.8,60.0,309.2
all,Warlock,Destruction,DPS,2,383,382,346,100690,100227,133451,0.3,77.3,289.3
all,Warlock,Destruction,DPS,3,92,92,92,104709,103646,137994,0.34,70.7,291.6
all,Warlock,Destruction,DPS,4,161,159,158,115252,112567,151394,0.22,78.9,291.7
all,Warlock,Destruction,DPS,5,243,240,228,123467,121603,163928,0.19,83.5,292.8
all,Warlock,Destruction,DPS,6,161,160,143,135985,135121,173352,0.25,77.0,295.8
all,Warlock,Destruction,DPS,7,108,108,104,164540,165990,210998,0.29,72.2,296.5
all,Warlock,Destruction,DPS,8,49,48,48,176557,174724,218107,0.27,75.5,298.2
all,Warlock,Destruction,DPS,9,118,117,109,182048,181539,227871,0.27,77.1,299.5
all,Warlock,Destruction,DPS,10,801,793,429,198665,198882,251921,0.4,69.8,300.7
all,Warlock,Destruction,DPS,11,641,636,425,180155,177337,229966,1.1,46.0,298.2
all,Warlock,Destruction,DPS,12,338,338,254,187560,187528,233328,1.01,50.3,301.7
all,Warlock,Destruction,DPS,13,273,272,164,204002,205234,245489,0.63,54.9,305.6
all,Warlock,Destruction,DPS,14,142,142,78,211298,210874,254822,1.07,42.3,306.5
all,Warlock,Destruction,DPS,15,43,43,28,222318,225707,263101,0.88,39.5,308.0
all,Warlock,Destruction,DPS,16,1,1,1,218611,218611,218611,1.0,0.0,312.0
all,Warrior,Arms,DPS,2,1569,1513,1401,112576,110285,149717,0.27,78.8,290.1
all,Warrior,Arms,DPS,3,298,281,291,118776,116846,155392,0.3,78.9,290.9
all,Warrior,Arms,DPS,4,704,693,676,125194,123379,162713,0.26,78.6,292.2
all,Warrior,Arms,DPS,5,1341,1304,1257,135890,133281,174588,0.31,74.6,293.2
all,Warrior,Arms,DPS,6,1062,1035,936,147256,144850,189973,0.25,79.0,295.1
all,Warrior,Arms,DPS,7,707,690,660,173497,171602,217664,0.31,73.4,296.4
all,Warrior,Arms,DPS,8,731,713,672,185000,184457,228686,0.4,68.9,297.5
all,Warrior,Arms,DPS,9,939,919,860,190266,189814,235498,0.43,65.8,298.6
all,Warrior,Arms,DPS,10,6452,6171,2764,206553,205685,255784,0.49,64.2,300.8
all,Warrior,Arms,DPS,11,5872,5664,3475,198555,198135,248860,0.96,46.9,299.9
all,Warrior,Arms,DPS,12,5747,5631,3117,200732,200850,244800,0.85,49.9,303.0
all,Warrior,Arms,DPS,13,5285,5218,2638,206376,206946,246727,0.93,41.9,305.1
all,Warrior,Arms,DPS,14,4187,4136,1670,214798,215395,256972,1.21,34.2,306.7
all,Warrior,Arms,DPS,15,1806,1784,694,230625,231868,273966,1.2,33.7,308.3
all,Warrior,Arms,DPS,16,633,625,227,250781,251152,296563,1.18,33.5,309.7
all,Warrior,Arms,DPS,17,207,206,58,271164,271792,315295,1.04,39.6,310.7
all,Warrior,Arms,DPS,18,53,53,17,285632,287659,331081,0.94,34.0,311.9
all,Warrior,Fury,DPS,2,275,271,260,112814,112625,156579,0.21,83.3,291.7
all,Warrior,Fury,DPS,3,53,53,52,113577,108148,156277,0.32,73.6,291.5
all,Warrior,Fury,DPS,4,127,127,124,131153,128299,172430,0.24,81.1,294.1
all,Warrior,Fury,DPS,5,192,192,181,136094,134969,175314,0.29,77.6,294.5
all,Warrior,Fury,DPS,6,123,122,115,148415,144201,194832,0.22,79.7,296.4
all,Warrior,Fury,DPS,7,83,83,74,181860,186593,215743,0.3,73.5,296.6
all,Warrior,Fury,DPS,8,81,81,75,191579,191680,232026,0.27,74.1,298.0
all,Warrior,Fury,DPS,9,99,99,90,196723,192226,239450,0.36,68.7,298.1
all,Warrior,Fury,DPS,10,408,407,249,211655,208041,264985,0.41,67.9,301.5
all,Warrior,Fury,DPS,11,389,387,273,199935,195375,258576,0.76,55.5,299.2
all,Warrior,Fury,DPS,12,370,369,247,200811,200292,251032,0.79,55.1,302.0
all,Warrior,Fury,DPS,13,317,317,178,213770,214956,254161,0.71,47.0,304.7
all,Warrior,Fury,DPS,14,259,259,122,221032,218466,262226,0.88,44.0,305.6
all,Warrior,Fury,DPS,15,84,84,37,231385,233298,279165,0.94,45.2,305.7
all,Warrior,Fury,DPS,16,32,32,13,258208,258038,301792,0.81,53.1,306.8
all,Warrior,Fury,DPS,17,7,7,3,293163,301259,322339,1.29,42.9,306.9
all,Warrior,Protection,Tank,2,651,651,597,75350,74598,99689,0.11,90.8,290.3
all,Warrior,Protection,Tank,3,100,100,99,75310,75474,93537,0.13,89.0,290.3
all,Warrior,Protection,Tank,4,291,291,283,78425,76926,101937,0.11,90.4,290.8
all,Warrior,Protection,Tank,5,503,503,465,87203,85510,114455,0.09,92.2,292.6
all,Warrior,Protection,Tank,6,332,332,288,88113,87138,113380,0.09,91.9,293.0
all,Warrior,Protection,Tank,7,165,165,159,106371,104348,132862,0.14,89.1,295.1
all,Warrior,Protection,Tank,8,197,197,180,117378,115202,148489,0.17,84.8,295.9
all,Warrior,Protection,Tank,9,256,256,234,115173,115054,142395,0.07,93.0,296.9
all,Warrior,Protection,Tank,10,1895,1895,747,127886,127154,159689,0.16,87.2,299.0
all,Warrior,Protection,Tank,11,1229,1229,730,119581,119231,151800,0.42,76.2,297.4
all,Warrior,Protection,Tank,12,721,721,416,117983,116085,148175,0.34,79.6,300.8
all,Warrior,Protection,Tank,13,437,437,230,118009,117475,144051,0.2,84.4,303.6
all,Warrior,Protection,Tank,14,247,247,114,123462,125964,149518,0.27,79.4,305.2
all,Warrior,Protection,Tank,15,81,81,34,133600,133090,160159,0.14,87.7,306.2
all,Warrior,Protection,Tank,16,37,37,10,150579,155690,172312,0.27,83.8,307.6
all,Warrior,Protection,Tank,17,4,4,1,150504,152740,159375,0.0,100.0,310.5
all,Warrior,Protection,Tank,18,1,1,1,124462,124462,124462,0.0,100.0,312.0
timed,DeathKnight,Blood,Tank,2,1729,1729,1564,72464,70738,98581,0.04,96.1,292.4
timed,DeathKnight,Blood,Tank,3,319,319,311,70341,69173,93681,0.07,93.1,291.6
timed,DeathKnight,Blood,Tank,4,732,732,705,75457,74198,99154,0.03,97.4,292.3
timed,DeathKnight,Blood,Tank,5,1499,1499,1384,84306,82599,112390,0.05,95.7,294.0
timed,DeathKnight,Blood,Tank,6,990,988,883,86817,84805,114212,0.03,97.7,294.2
timed,DeathKnight,Blood,Tank,7,721,721,683,102013,98716,135483,0.05,95.6,296.5
timed,DeathKnight,Blood,Tank,8,715,715,680,113007,112306,143742,0.04,95.7,297.6
timed,DeathKnight,Blood,Tank,9,998,998,910,114300,112110,147925,0.05,95.3,298.9
timed,DeathKnight,Blood,Tank,10,7095,7095,2865,123213,122287,157337,0.07,94.0,301.1
timed,DeathKnight,Blood,Tank,11,6348,6348,3615,119529,117796,154749,0.14,89.1,300.3
timed,DeathKnight,Blood,Tank,12,6308,6307,3423,121473,120591,154170,0.08,92.9,304.2
timed,DeathKnight,Blood,Tank,13,6159,6158,3001,124289,123889,155043,0.09,91.9,306.4
timed,DeathKnight,Blood,Tank,14,4469,4469,1864,131710,131006,162198,0.11,89.8,308.1
timed,DeathKnight,Blood,Tank,15,1794,1794,674,144176,144202,177062,0.11,90.3,309.5
timed,DeathKnight,Blood,Tank,16,631,631,209,160364,161526,195387,0.13,88.3,310.8
timed,DeathKnight,Blood,Tank,17,191,191,51,179058,179226,213372,0.1,90.1,311.7
timed,DeathKnight,Blood,Tank,18,41,41,15,191114,192719,227284,0.05,95.1,312.5
timed,DeathKnight,Frost,DPS,2,218,218,201,101900,101954,143800,0.14,88.5,290.7
timed,DeathKnight,Frost,DPS,3,39,39,39,94005,94442,124443,0.15,87.2,290.0
timed,DeathKnight,Frost,DPS,4,81,81,80,115193,113848,151587,0.09,92.6,294.0
timed,DeathKnight,Frost,DPS,5,168,168,160,126094,122724,163892,0.09,92.9,293.4
timed,DeathKnight,Frost,DPS,6,107,107,101,137699,133141,179492,0.12,88.8,295.6
timed,DeathKnight,Frost,DPS,7,64,64,62,157967,156534,197456,0.16,85.9,296.6
timed,DeathKnight,Frost,DPS,8,62,61,59,186596,186670,225508,0.08,91.9,297.6
timed,DeathKnight,Frost,DPS,9,67,66,64,179009,177745,224212,0.18,85.1,296.4
timed,DeathKnight,Frost,DPS,10,559,552,284,193146,192183,242890,0.29,75.8,299.1
timed,DeathKnight,Frost,DPS,11,393,392,264,183329,183832,225151,0.56,61.6,297.5
timed,DeathKnight,Frost,DPS,12,284,284,182,186058,185576,228565,0.4,66.2,301.6
timed,DeathKnight,Frost,DPS,13,254,254,148,194588,192910,234936,0.43,65.4,303.5
timed,DeathKnight,Frost,DPS,14,179,179,89,207366,207843,247231,0.51,59.8,306.3
timed,DeathKnight,Frost,DPS,15,43,43,23,213514,218196,256120,0.58,60.5,307.0
timed,DeathKnight,Frost,DPS,16,11,11,4,236974,231348,271904,0.27,81.8,309.9
timed,DeathKnight,Frost,DPS,17,1,1,1,271948,271948,271948,0.0,100.0,307.0
timed,DeathKnight,Unholy,DPS,2,560,553,510,110148,108910,146507,0.15,87.1,292.5
timed,DeathKnight,Unholy,DPS,3,115,115,113,111062,110427,144959,0.15,87.8,291.8
timed,DeathKnight,Unholy,DPS,4,230,227,224,120614,117566,159865,0.16,86.1,292.8
timed,DeathKnight,Unholy,DPS,5,455,446,424,136039,133117,176846,0.13,87.7,294.6
timed,DeathKnight,Unholy,DPS,6,318,310,289,140324,139542,183028,0.11,89.0,295.5
timed,DeathKnight,Unholy,DPS,7,232,228,212,173417,172457,222821,0.15,86.6,296.3
timed,DeathKnight,Unholy,DPS,8,234,231,219,191005,189364,235524,0.2,82.5,297.3
timed,DeathKnight,Unholy,DPS,9,319,311,300,189329,188825,235163,0.17,84.3,297.8
timed,DeathKnight,Unholy,DPS,10,2119,2082,1035,205140,202751,259917,0.24,79.4,299.4
timed,DeathKnight,Unholy,DPS,11,1914,1880,1146,196611,193407,252124,0.43,68.1,298.2
timed,DeathKnight,Unholy,DPS,12,1534,1516,948,200715,202018,248970,0.3,74.8,300.9
timed,DeathKnight,Unholy,DPS,13,1528,1518,810,209521,209533,255114,0.38,68.3,303.5
timed,DeathKnight,Unholy,DPS,14,1104,1094,479,221739,222898,267617,0.47,62.0,305.4
timed,DeathKnight,Unholy,DPS,15,360,354,165,236624,238336,288650,0.45,65.0,306.5
timed,DeathKnight,Unholy,DPS,16,57,57,29,250549,251673,300396,0.44,66.7,307.2
timed,DeathKnight,Unholy,DPS,17,1,1,1,318785,318785,318785,0.0,100.0,307.0
timed,DemonHunter,Devourer,DPS,2,620,612,547,109243,107818,150352,0.28,76.3,291.0
timed,DemonHunter,Devourer,DPS,3,117,115,116,116206,114421,150192,0.31,76.1,291.2
timed,DemonHunter,Devourer,DPS,4,280,278,274,114125,112710,148716,0.24,80.0,291.4
timed,DemonHunter,Devourer,DPS,5,568,558,514,135676,134244,176637,0.35,72.9,293.9
timed,DemonHunter,Devourer,DPS,6,344,340,308,143554,141364,184929,0.23,81.1,295.9
timed,DemonHunter,Devourer,DPS,7,259,255,237,170669,171322,212849,0.37,69.9,297.0
timed,DemonHunter,Devourer,DPS,8,298,292,274,186581,184016,228489,0.41,68.1,297.8
timed,DemonHunter,Devourer,DPS,9,413,405,373,189491,188393,231914,0.41,66.1,299.0
timed,DemonHunter,Devourer,DPS,10,3412,3327,1382,207339,207720,255882,0.47,64.5,301.3
timed,DemonHunter,Devourer,DPS,11,2516,2479,1464,196250,195738,241803,0.84,47.9,299.3
timed,DemonHunter,Devourer,DPS,12,2027,2008,1123,198719,199578,242797,0.61,55.1,302.5
timed,DemonHunter,Devourer,DPS,13,1909,1898,922,204753,205800,244687,0.74,48.3,304.3
timed,DemonHunter,Devourer,DPS,14,1396,1391,574,215852,217011,254281,0.86,44.2,305.5
timed,DemonHunter,Devourer,DPS,15,512,508,213,230915,234889,274309,0.76,46.1,306.6
timed,DemonHunter,Devourer,DPS,16,118,117,53,252593,257060,296192,0.86,43.2,307.8
timed,DemonHunter,Devourer,DPS,17,10,10,4,258757,266962,304732,0.2,80.0,309.5
timed,DemonHunter,Devourer,DPS,18,1,1,1,257821,257821,257821,1.0,0.0,310.0
timed,DemonHunter,Havoc,DPS,2,448,438,397,106496,103348,143161,0.18,84.2,291.7
timed,DemonHunter,Havoc,DPS,3,74,74,73,114073,114253,144989,0.24,78.4,291.7
timed,DemonHunter,Havoc,DPS,4,152,151,150,118449,117518,152024,0.18,82.9,292.4
timed,DemonHunter,Havoc,DPS,5,337,333,311,131421,130505,173116,0.22,81.0,292.6
timed,DemonHunter,Havoc,DPS,6,168,167,155,140624,140892,180345,0.25,82.7,294.8
timed,DemonHunter,Havoc,DPS,7,117,117,113,160963,164739,204451,0.27,76.1,295.6
timed,DemonHunter,Havoc,DPS,8,128,128,119,184435,185402,233530,0.33,68.8,296.7
timed,DemonHunter,Havoc,DPS,9,159,159,155,182147,181543,225877,0.26,76.1,298.2
timed,DemonHunter,Havoc,DPS,10,811,805,447,197601,198383,245542,0.38,70.7,299.6
timed,DemonHunter,Havoc,DPS,11,738,736,486,191376,191525,239438,0.68,53.3,298.2
timed,DemonHunter,Havoc,DPS,12,548,546,338,189202,189134,228955,0.48,65.5,301.2
timed,DemonHunter,Havoc,DPS,13,535,533,297,196849,199203,236510,0.54,60.7,303.2
timed,DemonHunter,Havoc,DPS,14,327,325,151,204375,206900,239780,0.68,50.8,304.7
timed,DemonHunter,Havoc,DPS,15,80,80,48,222474,219779,276925,0.64,53.8,306.0
timed,DemonHunter,Havoc,DPS,16,13,13,4,235223,234013,272104,0.31,69.2,306.2
timed,DemonHunter,Havoc,DPS,17,5,5,1,257676,254124,299535,0.6,40.0,308.6
timed,DemonHunter,Vengeance,Tank,2,470,470,432,66883,65228,91197,0.07,94.5,290.7
timed,DemonHunter,Vengeance,Tank,3,84,84,83,63003,62154,85390,0.08,94.0,290.0
timed,DemonHunter,Vengeance,Tank,4,191,191,183,71074,68796,94865,0.05,95.8,291.1
timed,DemonHunter,Vengeance,Tank,5,333,333,313,75999,75244,98805,0.07,94.3,292.6
timed,DemonHunter,Vengeance,Tank,6,208,208,185,78490,76238,103879,0.05,96.2,293.9
timed,DemonHunter,Vengeance,Tank,7,166,166,139,97335,96004,127981,0.02,98.8,295.7
timed,DemonHunter,Vengeance,Tank,8,175,175,168,104335,103016,132608,0.06,94.9,296.6
timed,DemonHunter,Vengeance,Tank,9,225,225,202,106833,105160,137861,0.05,95.1,298.3
timed,DemonHunter,Vengeance,Tank,10,1668,1668,750,117591,115502,150586,0.07,93.3,300.9
timed,DemonHunter,Vengeance,Tank,11,1029,1029,634,113491,111829,147380,0.17,88.3,299.5
timed,DemonHunter,Vengeance,Tank,12,594,594,354,114088,113578,142862,0.1,91.8,303.1
timed,DemonHunter,Vengeance,Tank,13,460,460,248,116889,116300,146655,0.16,87.2,306.0
timed,DemonHunter,Vengeance,Tank,14,275,275,123,122348,120728,149856,0.18,86.2,307.4
timed,DemonHunter,Vengeance,Tank,15,91,91,38,132937,132475,159520,0.07,93.4,308.6
timed,DemonHunter,Vengeance,Tank,16,10,10,6,140382,134811,155882,0.1,90.0,308.6
timed,DemonHunter,Vengeance,Tank,17,2,2,1,153600,153600,159858,0.0,100.0,303.5
timed,Druid,Balance,DPS,2,802,790,730,105348,104233,141501,0.19,84.4,290.8
timed,Druid,Balance,DPS,3,150,147,147,105648,102134,140037,0.29,77.3,290.2
timed,Druid,Balance,DPS,4,316,315,307,114173,112754,145076,0.22,82.0,291.8
timed,Druid,Balance,DPS,5,601,596,557,128323,125482,165101,0.23,81.5,293.3
timed,Druid,Balance,DPS,6,402,397,372,135757,132306,176874,0.18,83.6,294.9
timed,Druid,Balance,DPS,7,285,284,263,162711,163170,202680,0.26,78.6,295.3
timed,Druid,Balance,DPS,8,298,296,275,176531,176206,219151,0.3,75.8,297.0
timed,Druid,Balance,DPS,9,398,393,378,185799,183554,232774,0.31,74.9,298.6
timed,Druid,Balance,DPS,10,3077,3040,1324,198685,198431,250177,0.38,71.1,300.8
timed,Druid,Balance,DPS,11,2238,2223,1340,187689,185936,236317,0.68,56.3,299.1
timed,Druid,Balance,DPS,12,1743,1737,1007,188533,189139,231230,0.57,59.9,302.3
timed,Druid,Balance,DPS,13,1439,1439,801,194795,195202,233759,0.72,51.1,304.8
timed,Druid,Balance,DPS,14,895,894,399,207024,207434,246794,0.86,44.8,306.5
timed,Druid,Balance,DPS,15,282,282,123,217277,217980,259417,0.86,44.3,307.8
timed,Druid,Balance,DPS,16,46,46,24,242140,240587,282050,0.72,50.0,308.7
timed,Druid,Balance,DPS,17,5,5,1,252885,254980,295672,0.8,20.0,308.6
timed,Druid,Balance,DPS,18,1,1,1,249467,249467,249467,2.0,0.0,309.0
timed,Druid,Feral,DPS,2,248,248,219,111044,108698,150856,0.21,82.3,290.9
timed,Druid,Feral,DPS,3,35,34,35,116567,115962,148519,0.26,80.0,291.0
timed,Druid,Feral,DPS,4,103,103,96,125998,121863,164897,0.28,76.7,292.8
timed,Druid,Feral,DPS,5,190,190,175,136374,132776,180842,0.25,78.9,293.9
timed,Druid,Feral,DPS,6,126,126,106,142269,138246,197208,0.21,82.5,295.4
timed,Druid,Feral,DPS,7,72,72,70,174329,171590,219693,0.26,77.8,295.3
timed,Druid,Feral,DPS,8,92,92,88,184903,182952,236897,0.33,73.9,296.1
timed,Druid,Feral,DPS,9,75,75,72,196622,191608,252596,0.25,74.7,298.3
timed,Druid,Feral,DPS,10,474,472,257,201719,203154,255091,0.41,68.4,299.5
timed,Druid,Feral,DPS,11,453,452,284,200606,198667,256627,0.64,56.5,298.9
timed,Druid,Feral,DPS,12,440,435,250,203416,202616,254652,0.62,56.1,301.5
timed,Druid,Feral,DPS,13,442,441,229,207303,207582,255273,0.75,49.8,302.9
timed,Druid,Feral,DPS,14,374,374,165,218860,220015,264950,0.9,43.0,304.5
timed,Druid,Feral,DPS,15,178,178,72,232014,229062,286109,0.83,48.9,304.4
timed,Druid,Feral,DPS,16,79,79,24,260009,265297,307433,0.56,55.7,305.2
timed,Druid,Feral,DPS,17,22,22,11,261573,268065,296818,0.55,68.2,305.5
timed,Druid,Feral,DPS,18,2,2,2,289304,289304,290792,0.0,100.0,303.5
timed,Druid,Guardian,Tank,2,699,699,639,62812,61489,85103,0.05,95.1,292.3
timed,Druid,Guardian,Tank,3,129,129,129,58944,58823,79489,0.09,92.2,292.1
timed,Druid,Guardian,Tank,4,300,300,296,64905,63475,84318,0.05,95.0,292.6
timed,Druid,Guardian,Tank,5,536,536,507,70162,68864,93815,0.1,91.0,293.8
timed,Druid,Guardian,Tank,6,333,333,305,73767,71789,96798,0.04,96.1,294.9
timed,Druid,Guardian,Tank,7,216,216,204,87604,85452,111972,0.06,94.0,295.3
timed,Druid,Guardian,Tank,8,223,223,208,95421,93716,126404,0.08,92.4,297.6
timed,Druid,Guardian,Tank,9,280,280,263,95666,91434,124864,0.06,94.6,297.8
timed,Druid,Guardian,Tank,10,2128,2128,878,106068,103896,138544,0.1,91.2,300.4
timed,Druid,Guardian,Tank,11,1565,1565,941,100069,97846,129897,0.18,85.6,298.4
timed,Druid,Guardian,Tank,12,1098,1098,676,101910,101140,130246,0.11,89.5,301.9
timed,Druid,Guardian,Tank,13,976,976,486,105632,105383,133638,0.13,88.0,304.6
timed,Druid,Guardian,Tank,14,723,723,298,112148,111641,141055,0.17,84.5,306.0
timed,Druid,Guardian,Tank,15,212,212,97,120498,119734,149512,0.15,86.8,307.4
timed,Druid,Guardian,Tank,16,46,46,24,135586,137812,172509,0.09,91.3,309.3
timed,Druid,Guardian,Tank,17,8,8,3,154712,161537,183542,0.12,87.5,312.9
timed,Druid,Restoration,Healer,2,462,462,421,9460,7440,18502,0.24,81.2,289.5
timed,Druid,Restoration,Healer,3,94,94,93,8800,7520,15939,0.27,79.8,288.9
timed,Druid,Restoration,Healer,4,177,177,172,10583,8416,20467,0.3,75.1,290.4
timed,Druid,Restoration,Healer,5,326,326,313,10326,7533,19137,0.29,75.5,291.8
timed,Druid,Restoration,Healer,6,186,186,168,10700,8944,19953,0.23,80.6,293.2
timed,Druid,Restoration,Healer,7,130,130,124,14883,11096,33722,0.37,68.5,293.9
timed,Druid,Restoration,Healer,8,115,115,111,14312,10803,26095,0.28,74.8,295.8
timed,Druid,Restoration,Healer,9,151,151,139,12821,9944,23332,0.39,69.5,297.8
timed,Druid,Restoration,Healer,10,1163,1163,582,18329,13344,39074,0.42,67.8,299.1
timed,Druid,Restoration,Healer,11,758,758,493,15644,11562,29795,0.79,49.5,297.6
timed,Druid,Restoration,Healer,12,308,308,188,17495,13829,28988,0.64,58.1,301.0
timed,Druid,Restoration,Healer,13,208,208,120,15798,12828,25314,0.73,48.1,303.2
timed,Druid,Restoration,Healer,14,87,87,48,16405,12740,23548,0.95,39.1,304.5
timed,Druid,Restoration,Healer,15,12,12,10,12485,11222,19204,0.92,33.3,306.1
timed,Evoker,Augmentation,DPS,2,83,83,76,83359,82888,108950,0.07,94.0,288.7
timed,Evoker,Augmentation,DPS,3,14,14,14,81422,83051,100917,0.43,71.4,287.4
timed,Evoker,Augmentation,DPS,4,34,34,33,94553,95970,113081,0.06,94.1,291.7
timed,Evoker,Augmentation,DPS,5,51,51,49,101322,103554,126126,0.18,88.2,291.7
timed,Evoker,Augmentation,DPS,6,35,35,32,110205,111726,130092,0.14,88.6,294.3
timed,Evoker,Augmentation,DPS,7,22,22,21,137116,131666,167457,0.14,90.9,294.6
timed,Evoker,Augmentation,DPS,8,14,14,14,156321,152258,177023,0.29,71.4,294.8
timed,Evoker,Augmentation,DPS,9,40,40,36,145339,146564,168636,0.18,85.0,295.8
timed,Evoker,Augmentation,DPS,10,376,376,191,168292,166000,210938,0.22,82.7,297.7
timed,Evoker,Augmentation,DPS,11,185,185,130,155253,152327,189916,0.59,58.4,296.6
timed,Evoker,Augmentation,DPS,12,92,92,65,164714,167892,208453,0.34,77.2,300.2
timed,Evoker,Augmentation,DPS,13,65,65,36,169227,171522,195623,0.43,63.1,302.9
timed,Evoker,Augmentation,DPS,14,27,27,13,192735,196124,214963,0.37,74.1,304.6
timed,Evoker,Augmentation,DPS,15,13,13,4,201378,210764,222920,0.23,84.6,306.3
timed,Evoker,Augmentation,DPS,16,5,5,2,202605,228057,232704,0.6,40.0,305.2
timed,Evoker,Devastation,DPS,2,293,290,252,120502,118568,161627,0.2,82.6,291.1
timed,Evoker,Devastation,DPS,3,51,51,48,123712,123918,155733,0.27,74.5,292.7
timed,Evoker,Devastation,DPS,4,108,108,105,132124,130276,163714,0.29,73.1,293.5
timed,Evoker,Devastation,DPS,5,208,207,199,141298,139110,186764,0.27,76.9,294.1
timed,Evoker,Devastation,DPS,6,127,126,116,149012,145463,193083,0.24,79.5,296.3
timed,Evoker,Devastation,DPS,7,90,88,88,176689,177781,213377,0.42,65.6,297.4
timed,Evoker,Devastation,DPS,8,122,120,112,187125,186039,230352,0.36,74.6,296.8
timed,Evoker,Devastation,DPS,9,142,137,137,194123,192614,235255,0.34,73.9,298.8
timed,Evoker,Devastation,DPS,10,2086,2027,727,210284,210133,258313,0.43,68.3,300.9
timed,Evoker,Devastation,DPS,11,962,942,529,197550,194572,245510,0.85,47.8,298.9
timed,Evoker,Devastation,DPS,12,442,440,264,200342,200125,238444,0.71,54.5,302.5
timed,Evoker,Devastation,DPS,13,298,296,165,208499,209634,251173,0.72,47.7,305.2
timed,Evoker,Devastation,DPS,14,135,135,79,206184,210293,246516,0.95,45.2,305.9
timed,Evoker,Devastation,DPS,15,40,40,14,234729,240555,281456,0.75,50.0,308.4
timed,Evoker,Devastation,DPS,16,8,8,3,244518,259330,273313,0.25,75.0,310.4
timed,Evoker,Devastation,DPS,17,2,2,1,258616,258616,271855,0.5,50.0,312.0
timed,Evoker,Preservation,Healer,2,348,348,313,26540,24498,43011,0.32,75.9,290.8
timed,Evoker,Preservation,Healer,3,54,54,54,22170,22330,36627,0.46,64.8,290.1
timed,Evoker,Preservation,Healer,4,137,137,134,25966,25667,41430,0.31,73.7,291.5
timed,Evoker,Preservation,Healer,5,274,274,258,28563,26904,43153,0.34,75.5,292.8
timed,Evoker,Preservation,Healer,6,139,139,133,26631,25124,42032,0.31,76.3,292.2
timed,Evoker,Preservation,Healer,7,101,101,94,32077,32290,44893,0.41,70.3,295.1
timed,Evoker,Preservation,Healer,8,124,124,117,35204,34621,50936,0.41,67.7,295.5
timed,Evoker,Preservation,Healer,9,188,188,172,38502,37042,56872,0.45,66.0,298.7
timed,Evoker,Preservation,Healer,10,1930,1930,755,42551,40630,59802,0.48,65.0,300.8
timed,Evoker,Preservation,Healer,11,903,903,576,38153,36218,54661,0.86,49.1,299.1
timed,Evoker,Preservation,Healer,12,563,563,312,46497,44736,66761,0.67,53.6,303.1
timed,Evoker,Preservation,Healer,13,376,376,191,48499,47428,64518,0.83,46.3,305.4
timed,Evoker,Preservation,Healer,14,232,232,100,53021,52893,70050,0.93,41.8,306.8
timed,Evoker,Preservation,Healer,15,93,93,37,58949,59203,75780,0.94,45.2,308.0
timed,Evoker,Preservation,Healer,16,21,21,13,58449,55542,80340,1.29,28.6,307.9
timed,Evoker,Preservation,Healer,17,6,6,1,76373,75410,82812,0.33,66.7,309.7
timed,Evoker,Preservation,Healer,18,1,1,1,81222,81222,81222,0.0,100.0,311.0
timed,Hunter,BeastMastery,DPS,2,1425,1358,1287,113130,110834,148086,0.26,79.2,291.4
timed,Hunter,BeastMastery,DPS,3,269,263,266,115533,115266,147785,0.32,74.3,291.8
timed,Hunter,BeastMastery,DPS,4,623,603,603,122508,120626,152767,0.29,80.1,292.9
timed,Hunter,BeastMastery,DPS,5,1066,1035,986,134151,133345,168560,0.26,78.6,293.9
timed,Hunter,BeastMastery,DPS,6,694,679,618,143994,143033,180641,0.22,80.7,295.9
timed,Hunter,BeastMastery,DPS,7,384,373,358,163057,161286,200994,0.32,74.0,297.0
timed,Hunter,BeastMastery,DPS,8,326,321,309,173345,172796,209772,0.33,72.7,297.9
timed,Hunter,BeastMastery,DPS,9,402,396,382,173699,173754,211671,0.34,72.6,298.4
timed,Hunter,BeastMastery,DPS,10,2455,2396,1226,185774,185028,230612,0.42,69.0,300.4
timed,Hunter,BeastMastery,DPS,11,1990,1955,1312,180875,179134,224143,0.72,54.8,299.5
timed,Hunter,BeastMastery,DPS,12,1241,1229,819,184259,184509,225621,0.57,59.7,302.9
timed,Hunter,BeastMastery,DPS,13,962,955,543,192883,192318,230832,0.71,50.6,305.5
timed,Hunter,BeastMastery,DPS,14,481,481,237,199714,200294,239377,0.82,44.5,307.2
timed,Hunter,BeastMastery,DPS,15,94,94,59,216543,217038,254929,0.76,53.2,308.2
timed,Hunter,BeastMastery,DPS,16,12,12,9,238873,240735,275096,0.5,58.3,308.1
timed,Hunter,BeastMastery,DPS,17,11,11,3,273093,271512,321847,0.91,54.5,310.9
timed,Hunter,BeastMastery,DPS,18,4,4,1,317319,327408,339394,0.25,75.0,311.5
timed,Hunter,Marksmanship,DPS,2,363,356,342,107682,106355,138109,0.21,82.6,291.1
timed,Hunter,Marksmanship,DPS,3,47,47,47,108066,103614,138687,0.49,74.5,292.0
timed,Hunter,Marksmanship,DPS,4,141,141,135,116001,112488,151774,0.2,82.3,292.6
timed,Hunter,Marksmanship,DPS,5,272,268,252,129314,129576,165667,0.3,76.1,293.2
timed,Hunter,Marksmanship,DPS,6,150,150,137,138240,136493,174835,0.19,83.3,296.3
timed,Hunter,Marksmanship,DPS,7,109,107,103,156266,156964,195582,0.31,73.4,297.5
timed,Hunter,Marksmanship,DPS,8,108,108,108,174617,173802,214102,0.31,77.8,298.1
timed,Hunter,Marksmanship,DPS,9,199,198,179,185312,185833,224693,0.28,75.9,300.0
timed,Hunter,Marksmanship,DPS,10,2265,2199,865,202349,204125,245589,0.32,74.5,302.4
timed,Hunter,Marksmanship,DPS,11,1183,1165,723,189621,189846,234321,0.68,56.1,300.2
timed,Hunter,Marksmanship,DPS,12,731,723,458,191197,192155,231262,0.57,60.2,303.4
timed,Hunter,Marksmanship,DPS,13,559,558,317,198660,199296,237401,0.65,51.9,305.6
timed,Hunter,Marksmanship,DPS,14,352,351,182,209647,210174,249919,0.81,49.1,307.5
timed,Hunter,Marksmanship,DPS,15,117,117,50,230234,234792,266422,0.69,47.9,308.7
timed,Hunter,Marksmanship,DPS,16,31,31,15,252086,249806,311628,0.61,54.8,310.0
timed,Hunter,Marksmanship,DPS,17,5,5,3,290436,293662,331833,0.8,40.0,309.6
timed,Hunter,Marksmanship,DPS,18,3,3,1,294426,310917,342975,0.67,33.3,311.0
timed,Hunter,Survival,DPS,2,165,163,143,104607,102341,141240,0.18,85.5,290.9
timed,Hunter,Survival,DPS,3,39,39,39,106513,103549,135267,0.28,79.5,292.2
timed,Hunter,Survival,DPS,4,71,71,71,116972,116064,145575,0.11,88.7,292.8
timed,Hunter,Survival,DPS,5,121,121,114,129427,124814,171355,0.27,76.9,293.9
timed,Hunter,Survival,DPS,6,90,89,75,134245,135764,164088,0.21,82.2,296.2
timed,Hunter,Survival,DPS,7,43,43,40,155514,152008,199772,0.23,81.4,296.1
timed,Hunter,Survival,DPS,8,39,39,37,170162,170246,203362,0.21,82.1,297.2
timed,Hunter,Survival,DPS,9,45,45,43,172284,178467,208663,0.29,73.3,298.2
timed,Hunter,Survival,DPS,10,259,258,151,176625,171512,223768,0.39,68.7,299.3
timed,Hunter,Survival,DPS,11,213,212,159,171069,170347,211177,0.75,52.1,297.7
timed,Hunter,Survival,DPS,12,135,135,87,178610,177023,218882,0.45,63.0,302.1
timed,Hunter,Survival,DPS,13,116,114,66,187486,188177,221084,0.61,56.9,305.6
timed,Hunter,Survival,DPS,14,67,66,32,202946,207646,238439,0.78,44.8,308.9
timed,Hunter,Survival,DPS,15,24,24,14,216081,218573,247895,0.54,45.8,310.7
timed,Hunter,Survival,DPS,16,7,7,3,237304,234222,273305,1.57,28.6,307.1
timed,Mage,Arcane,DPS,2,2241,2107,2026,116622,113807,156820,0.26,79.1,290.4
timed,Mage,Arcane,DPS,3,365,353,355,121028,118997,159090,0.27,78.1,290.6
timed,Mage,Arcane,DPS,4,986,948,940,125505,124333,162386,0.27,77.9,291.7
timed,Mage,Arcane,DPS,5,1831,1746,1708,137202,134919,178037,0.27,77.8,293.5
timed,Mage,Arcane,DPS,6,1242,1180,1093,149255,147965,190857,0.21,82.2,295.9
timed,Mage,Arcane,DPS,7,844,799,791,176207,174754,218599,0.31,74.9,297.0
timed,Mage,Arcane,DPS,8,865,823,804,192539,192516,237897,0.29,75.3,298.8
timed,Mage,Arcane,DPS,9,1249,1174,1131,197259,196907,246033,0.29,76.4,299.9
timed,Mage,Arcane,DPS,10,8022,7507,3339,216214,216712,266842,0.34,72.9,302.3
timed,Mage,Arcane,DPS,11,6707,6350,3864,204587,203248,256123,0.58,60.5,300.9
timed,Mage,Arcane,DPS,12,6476,6216,3534,212212,212338,258662,0.48,64.1,304.2
timed,Mage,Arcane,DPS,13,6199,6061,3155,216683,217116,259349,0.62,55.1,305.9
timed,Mage,Arcane,DPS,14,4622,4529,1937,228416,229330,271238,0.72,50.3,307.5
timed,Mage,Arcane,DPS,15,1779,1756,706,245171,246757,289510,0.7,50.8,309.0
timed,Mage,Arcane,DPS,16,611,603,218,263949,265389,308870,0.65,54.2,310.2
timed,Mage,Arcane,DPS,17,168,168,49,284847,289510,327408,0.54,58.9,311.1
timed,Mage,Arcane,DPS,18,31,31,10,297333,300037,336013,0.42,67.7,310.2
timed,Mage,Fire,DPS,2,86,86,76,109344,108240,148602,0.22,82.6,288.7
timed,Mage,Fire,DPS,3,13,13,13,108189,114028,132983,0.54,69.2,288.5
timed,Mage,Fire,DPS,4,27,27,27,115610,111055,149798,0.0,100.0,290.9
timed,Mage,Fire,DPS,5,47,47,46,119707,118970,157186,0.13,87.2,292.2
timed,Mage,Fire,DPS,6,23,23,22,122882,120493,152659,0.13,87.0,292.8
timed,Mage,Fire,DPS,7,25,25,24,179508,180140,222262,0.24,84.0,298.2
timed,Mage,Fire,DPS,8,20,20,20,198451,199910,256811,0.2,85.0,298.1
timed,Mage,Fire,DPS,9,26,26,23,195545,192542,256300,0.12,88.5,297.6
timed,Mage,Fire,DPS,10,173,173,78,211397,207371,268674,0.2,85.5,298.5
timed,Mage,Fire,DPS,11,104,104,74,203718,203720,252288,0.61,63.5,296.6
timed,Mage,Fire,DPS,12,92,92,50,203837,203324,252852,0.47,69.6,300.8
timed,Mage,Fire,DPS,13,42,42,25,216230,217510,245876,0.38,71.4,301.8
timed,Mage,Fire,DPS,14,12,12,8,213992,218111,237517,0.92,41.7,304.3
timed,Mage,Fire,DPS,15,1,1,1,215429,215429,215429,1.0,0.0,306.0
timed,Mage,Frost,DPS,2,362,356,335,100679,98710,134225,0.26,80.1,290.7
timed,Mage,Frost,DPS,3,57,56,56,105911,104284,127784,0.39,70.2,291.6
timed,Mage,Frost,DPS,4,132,131,129,109762,108742,136434,0.3,74.2,292.5
timed,Mage,Frost,DPS,5,220,219,209,122913,121188,152840,0.3,75.0,293.0
timed,Mage,Frost,DPS,6,108,108,104,127129,125390,158734,0.28,78.7,294.3
timed,Mage,Frost,DPS,7,40,40,39,153087,155791,176176,0.32,70.0,294.5
timed,Mage,Frost,DPS,8,38,38,37,163917,161497,193980,0.29,71.1,296.0
timed,Mage,Frost,DPS,9,27,27,27,157140,155070,187418,0.48,59.3,296.4
timed,Mage,Frost,DPS,10,192,192,132,173199,171138,213655,0.61,62.0,298.1
timed,Mage,Frost,DPS,11,178,178,135,171594,171628,201424,0.95,43.3,297.3
timed,Mage,Frost,DPS,12,64,64,44,176562,175852,217074,0.75,56.2,301.4
timed,Mage,Frost,DPS,13,45,45,25,184508,182890,216614,0.71,53.3,304.3
timed,Mage,Frost,DPS,14,19,19,8,206380,209281,250354,0.74,47.4,307.3
timed,Mage,Frost,DPS,15,5,5,2,213281,209870,239728,0.8,60.0,310.0
timed,Monk,Brewmaster,Tank,2,412,412,359,63039,62888,82825,0.13,89.1,292.3
timed,Monk,Brewmaster,Tank,3,76,76,76,59292,60314,77404,0.13,90.8,290.6
timed,Monk,Brewmaster,Tank,4,158,158,150,65332,63558,86132,0.15,87.3,292.2
timed,Monk,Brewmaster,Tank,5,274,274,257,70917,70002,89702,0.1,91.2,293.6
timed,Monk,Brewmaster,Tank,6,185,185,169,70246,69178,89318,0.09,92.4,293.4
timed,Monk,Brewmaster,Tank,7,82,82,77,86126,81776,114742,0.12,87.8,294.8
timed,Monk,Brewmaster,Tank,8,100,100,91,91675,89598,117585,0.17,85.0,295.9
timed,Monk,Brewmaster,Tank,9,146,146,131,95680,94129,118726,0.14,88.4,298.2
timed,Monk,Brewmaster,Tank,10,1117,1117,489,101351,99792,125567,0.13,88.4,300.3
timed,Monk,Brewmaster,Tank,11,776,776,433,99519,97884,124964,0.32,77.2,298.6
timed,Monk,Brewmaster,Tank,12,531,531,268,101494,100674,124398,0.19,82.9,301.0
timed,Monk,Brewmaster,Tank,13,383,383,189,106780,106591,129219,0.23,79.9,303.6
timed,Monk,Brewmaster,Tank,14,245,245,107,113982,112862,136758,0.25,78.8,305.0
timed,Monk,Brewmaster,Tank,15,142,142,51,120623,120626,142212,0.18,82.4,306.1
timed,Monk,Brewmaster,Tank,16,80,80,21,133879,134062,155824,0.16,86.2,306.6
timed,Monk,Brewmaster,Tank,17,23,23,11,138935,140828,161724,0.17,87.0,308.3
timed,Monk,Brewmaster,Tank,18,2,2,2,164052,164052,175283,0.0,100.0,308.0
timed,Monk,Mistweaver,Healer,2,578,578,511,29277,29150,41428,0.15,86.7,289.8
timed,Monk,Mistweaver,Healer,3,93,93,91,30273,30059,41288,0.27,78.5,289.6
timed,Monk,Mistweaver,Healer,4,242,242,231,31411,31235,42434,0.14,87.6,290.8
timed,Monk,Mistweaver,Healer,5,463,463,430,32610,33345,44212,0.18,85.1,291.7
timed,Monk,Mistweaver,Healer,6,346,346,303,33518,33516,44412,0.13,87.3,293.0
timed,Monk,Mistweaver,Healer,7,220,220,208,38223,38866,49947,0.22,80.5,294.5
timed,Monk,Mistweaver,Healer,8,253,253,241,40799,40371,50760,0.27,76.3,294.7
timed,Monk,Mistweaver,Healer,9,278,278,269,41515,41245,53039,0.32,73.7,295.7
timed,Monk,Mistweaver,Healer,10,1756,1756,867,45347,45548,57372,0.31,75.4,298.9
timed,Monk,Mistweaver,Healer,11,1425,1425,878,43671,43809,55572,0.51,64.4,297.9
timed,Monk,Mistweaver,Healer,12,992,992,582,46269,46635,57141,0.42,67.6,301.4
timed,Monk,Mistweaver,Healer,13,749,749,367,47365,47337,59054,0.5,60.6,303.3
timed,Monk,Mistweaver,Healer,14,413,413,198,48973,49319,60158,0.57,57.9,305.3
timed,Monk,Mistweaver,Healer,15,146,146,58,54909,54882,65688,0.5,61.6,306.2
timed,Monk,Mistweaver,Healer,16,51,51,14,61894,59884,74455,0.47,64.7,307.6
timed,Monk,Mistweaver,Healer,17,14,14,4,69338,69130,81146,0.43,64.3,309.0
timed,Monk,Mistweaver,Healer,18,1,1,1,64167,64167,64167,0.0,100.0,310.0
timed,Monk,Windwalker,DPS,2,493,486,442,104989,103783,138202,0.2,82.8,290.7
timed,Monk,Windwalker,DPS,3,87,86,87,99360,99136,125932,0.26,82.8,290.0
timed,Monk,Windwalker,DPS,4,205,204,196,116156,113738,151069,0.21,82.9,292.9
timed,Monk,Windwalker,DPS,5,397,392,371,128513,127663,163484,0.22,80.9,294.0
timed,Monk,Windwalker,DPS,6,241,239,220,140662,136351,176773,0.14,88.4,296.2
timed,Monk,Windwalker,DPS,7,172,170,164,159739,154948,205132,0.34,71.5,296.9
timed,Monk,Windwalker,DPS,8,167,166,160,172332,167578,212544,0.34,71.9,297.1
timed,Monk,Windwalker,DPS,9,215,214,207,183546,182006,242782,0.35,72.6,299.4
timed,Monk,Windwalker,DPS,10,1646,1634,724,197538,195949,254890,0.41,68.5,301.6
timed,Monk,Windwalker,DPS,11,1107,1105,713,183964,181465,237853,0.75,52.8,299.7
timed,Monk,Windwalker,DPS,12,865,865,519,191192,189992,238624,0.57,57.8,303.3
timed,Monk,Windwalker,DPS,13,762,762,409,201432,200070,248750,0.73,50.5,306.2
timed,Monk,Windwalker,DPS,14,471,470,217,213066,212393,258062,0.8,46.1,307.8
timed,Monk,Windwalker,DPS,15,182,182,79,223185,222374,266572,0.81,45.1,308.9
timed,Monk,Windwalker,DPS,16,46,46,18,249903,252455,294604,0.76,43.5,309.2
timed,Monk,Windwalker,DPS,17,5,5,3,251404,261824,285256,0.8,40.0,308.2
timed,Paladin,Holy,Healer,2,1362,1362,1247,16560,14428,29750,0.13,89.2,288.1
timed,Paladin,Holy,Healer,3,245,245,239,14813,14137,23913,0.15,86.9,287.7
timed,Paladin,Holy,Healer,4,591,591,576,16991,15249,27666,0.14,87.6,289.7
timed,Paladin,Holy,Healer,5,1086,1086,1019,17746,15628,31528,0.16,86.5,291.1
timed,Paladin,Holy,Healer,6,778,774,716,17702,15834,29231,0.15,87.5,292.3
timed,Paladin,Holy,Healer,7,487,487,465,20598,18358,34942,0.18,84.8,293.4
timed,Paladin,Holy,Healer,8,478,478,459,22827,19460,40254,0.27,76.6,294.6
timed,Paladin,Holy,Healer,9,653,653,619,21900,18583,39129,0.25,79.6,296.3
timed,Paladin,Holy,Healer,10,4074,4074,2080,25736,22050,45913,0.29,76.8,298.7
timed,Paladin,Holy,Healer,11,3912,3912,2546,25680,21646,47687,0.5,64.0,298.1
timed,Paladin,Holy,Healer,12,4056,4056,2425,26960,23097,47435,0.43,67.4,301.9
timed,Paladin,Holy,Healer,13,4242,4240,2206,26052,22564,45926,0.57,57.1,304.1
timed,Paladin,Holy,Healer,14,3128,3128,1357,27644,23996,47867,0.66,52.4,306.1
timed,Paladin,Holy,Healer,15,1280,1280,508,34313,30578,57828,0.66,53.0,307.6
timed,Paladin,Holy,Healer,16,501,501,172,42907,43883,61649,0.69,52.3,308.9
timed,Paladin,Holy,Healer,17,152,152,42,50337,50848,66703,0.68,48.0,310.5
timed,Paladin,Holy,Healer,18,32,32,10,58461,58680,70712,0.53,65.6,311.1
timed,Paladin,Protection,Tank,2,1414,1414,1293,66873,66082,89115,0.06,95.0,291.0
timed,Paladin,Protection,Tank,3,261,261,260,64492,63585,85683,0.09,92.0,289.4
timed,Paladin,Protection,Tank,4,606,606,591,69048,68316,90424,0.06,94.9,291.2
timed,Paladin,Protection,Tank,5,1069,1069,996,77215,74798,101235,0.08,92.5,292.7
timed,Paladin,Protection,Tank,6,779,779,632,80378,78167,106321,0.04,95.8,294.0
timed,Paladin,Protection,Tank,7,473,473,423,92629,91478,122159,0.09,91.5,294.3
timed,Paladin,Protection,Tank,8,410,410,381,100094,101000,127169,0.07,93.2,295.7
timed,Paladin,Protection,Tank,9,542,542,497,100405,99232,128706,0.07,93.4,297.3
timed,Paladin,Protection,Tank,10,3243,3243,1409,107901,107332,135418,0.09,91.4,299.8
timed,Paladin,Protection,Tank,11,2507,2507,1559,102974,101381,131223,0.2,83.6,297.9
timed,Paladin,Protection,Tank,12,2059,2059,1212,103583,102603,128782,0.13,89.0,302.1
timed,Paladin,Protection,Tank,13,1984,1984,1005,105218,104859,128778,0.17,84.9,304.6
timed,Paladin,Protection,Tank,14,1313,1313,550,107696,107548,131907,0.22,80.5,306.5
timed,Paladin,Protection,Tank,15,372,372,160,115597,115634,142048,0.15,87.1,307.6
timed,Paladin,Protection,Tank,16,46,46,27,122525,124716,145778,0.13,89.1,307.8
timed,Paladin,Protection,Tank,17,2,2,1,135454,135454,143132,0.0,100.0,309.0
timed,Paladin,Retribution,DPS,2,1401,1341,1277,111383,109414,147035,0.17,85.5,291.9
timed,Paladin,Retribution,DPS,3,230,224,225,110855,110404,145360,0.22,82.6,290.8
timed,Paladin,Retribution,DPS,4,591,575,571,124185,123985,156478,0.16,85.8,293.2
timed,Paladin,Retribution,DPS,5,1077,1039,1008,134335,134037,171677,0.18,85.2,293.9
timed,Paladin,Retribution,DPS,6,664,642,583,146680,144696,188232,0.18,83.3,296.3
timed,Paladin,Retribution,DPS,7,392,375,357,169089,167516,218717,0.22,81.1,296.6
timed,Paladin,Retribution,DPS,8,344,334,330,184570,183371,230357,0.26,77.6,297.2
timed,Paladin,Retribution,DPS,9,417,401,396,187046,183863,235606,0.25,79.4,298.2
timed,Paladin,Retribution,DPS,10,2250,2207,1149,201492,200404,253333,0.38,70.5,300.5
timed,Paladin,Retribution,DPS,11,2150,2110,1487,195449,192683,247010,0.59,59.1,299.4
timed,Paladin,Retribution,DPS,12,1972,1948,1266,197853,197918,242764,0.51,62.3,302.4
timed,Paladin,Retribution,DPS,13,2112,2094,1157,206483,207042,249350,0.64,54.4,304.8
timed,Paladin,Retribution,DPS,14,1471,1462,662,218553,219179,260756,0.8,45.2,306.7
timed,Paladin,Retribution,DPS,15,421,419,198,232495,232793,275038,0.83,45.1,308.0
timed,Paladin,Retribution,DPS,16,112,107,43,252875,253838,303663,0.81,43.8,309.7
timed,Paladin,Retribution,DPS,17,30,26,9,268273,260938,328667,0.87,33.3,310.7
timed,Priest,Discipline,Healer,2,439,439,406,13194,12332,19129,0.2,83.4,289.3
timed,Priest,Discipline,Healer,3,92,92,91,13250,13241,16754,0.38,67.4,288.7
timed,Priest,Discipline,Healer,4,207,207,203,13621,13341,18099,0.23,82.1,291.5
timed,Priest,Discipline,Healer,5,376,376,346,14523,13824,20214,0.24,80.9,292.0
timed,Priest,Discipline,Healer,6,259,259,219,14779,14442,19887,0.17,84.9,294.0
timed,Priest,Discipline,Healer,7,140,140,121,15683,14582,22349,0.3,74.3,295.1
timed,Priest,Discipline,Healer,8,144,144,134,17399,15814,23780,0.31,75.7,294.9
timed,Priest,Discipline,Healer,9,194,194,178,19093,17130,31192,0.29,77.3,296.6
timed,Priest,Discipline,Healer,10,1455,1455,672,22134,19250,35991,0.4,68.9,298.7
timed,Priest,Discipline,Healer,11,983,983,642,20031,17661,31192,0.77,53.6,297.6
timed,Priest,Discipline,Healer,12,425,425,282,21301,19364,31012,0.5,64.5,302.2
timed,Priest,Discipline,Healer,13,297,297,166,21185,20085,26526,0.5,62.6,304.1
timed,Priest,Discipline,Healer,14,179,179,87,21539,19927,28192,0.59,56.4,305.6
timed,Priest,Discipline,Healer,15,53,53,25,26380,20361,52540,0.79,50.9,307.2
timed,Priest,Discipline,Healer,16,5,5,4,32762,20958,55255,0.6,60.0,306.8
timed,Priest,Holy,Healer,2,655,655,593,16772,16214,28489,0.05,95.4,289.4
timed,Priest,Holy,Healer,3,107,107,105,16860,16116,28213,0.04,96.3,290.2
timed,Priest,Holy,Healer,4,241,241,237,18357,17446,30143,0.05,95.4,291.7
timed,Priest,Holy,Healer,5,472,472,447,17681,16468,30647,0.06,94.5,292.3
timed,Priest,Holy,Healer,6,282,282,252,19046,18867,30575,0.05,95.7,293.8
timed,Priest,Holy,Healer,7,141,141,137,23913,23153,36696,0.06,94.3,296.7
timed,Priest,Holy,Healer,8,127,127,120,23283,22433,36320,0.07,93.7,296.4
timed,Priest,Holy,Healer,9,248,248,223,24026,23384,39366,0.08,92.3,298.4
timed,Priest,Holy,Healer,10,1862,1862,904,28131,27974,42505,0.08,93.0,300.9
timed,Priest,Holy,Healer,11,1168,1168,783,25540,24997,38906,0.18,85.5,299.3
timed,Priest,Holy,Healer,12,925,925,583,24890,24818,37584,0.16,86.8,302.2
timed,Priest,Holy,Healer,13,748,748,423,24387,23306,38178,0.22,82.8,305.1
timed,Priest,Holy,Healer,14,539,539,260,24071,23834,36666,0.3,76.3,306.3
timed,Priest,Holy,Healer,15,181,181,77,25175,25523,37070,0.28,76.2,308.2
timed,Priest,Holy,Healer,16,50,50,17,29553,28352,38499,0.3,74.0,310.2
timed,Priest,Holy,Healer,17,11,11,4,29850,25571,43100,0.27,72.7,310.8
timed,Priest,Shadow,DPS,2,582,574,533,106009,104748,139400,0.17,85.1,291.0
timed,Priest,Shadow,DPS,3,105,105,102,109550,106078,140090,0.32,76.2,291.2
timed,Priest,Shadow,DPS,4,230,228,221,118751,117940,150680,0.19,84.3,292.8
timed,Priest,Shadow,DPS,5,462,457,437,128486,129518,162209,0.19,83.5,293.8
timed,Priest,Shadow,DPS,6,257,256,228,139968,138981,178009,0.16,84.4,295.9
timed,Priest,Shadow,DPS,7,177,177,163,167937,163598,216186,0.23,80.8,297.1
timed,Priest,Shadow,DPS,8,185,184,179,174468,177004,214935,0.24,80.5,296.9
timed,Priest,Shadow,DPS,9,264,264,248,183280,183746,222608,0.28,76.5,298.7
timed,Priest,Shadow,DPS,10,1830,1793,832,200176,201175,247657,0.34,73.4,300.2
timed,Priest,Shadow,DPS,11,1367,1355,789,189768,186692,238074,0.66,57.5,298.3
timed,Priest,Shadow,DPS,12,977,976,597,193858,194581,235694,0.52,62.9,302.0
timed,Priest,Shadow,DPS,13,718,718,414,200178,200964,239488,0.65,53.9,304.1
timed,Priest,Shadow,DPS,14,463,463,224,209234,210926,252060,0.84,46.9,305.7
timed,Priest,Shadow,DPS,15,118,118,63,222960,227157,261367,0.71,50.0,306.7
timed,Priest,Shadow,DPS,16,22,22,13,240550,247644,284485,0.64,45.5,308.6
timed,Priest,Shadow,DPS,17,6,6,2,267388,271422,296202,1.0,33.3,310.5
timed,Rogue,Assassination,DPS,2,352,351,320,113485,111666,154838,0.22,84.1,288.0
timed,Rogue,Assassination,DPS,3,74,74,72,116608,114360,152249,0.32,77.0,289.9
timed,Rogue,Assassination,DPS,4,145,144,140,127750,124083,174332,0.14,86.2,291.4
timed,Rogue,Assassination,DPS,5,305,304,275,141735,140974,188672,0.21,83.0,292.0
timed,Rogue,Assassination,DPS,6,201,201,186,156517,155667,207890,0.15,86.1,294.7
timed,Rogue,Assassination,DPS,7,140,140,137,186545,187737,227606,0.27,80.0,294.7
timed,Rogue,Assassination,DPS,8,129,129,122,209029,211240,248516,0.27,78.3,297.9
timed,Rogue,Assassination,DPS,9,187,185,171,208109,209602,261877,0.27,78.1,298.3
timed,Rogue,Assassination,DPS,10,1174,1170,562,226632,228728,281978,0.33,74.5,301.1
timed,Rogue,Assassination,DPS,11,986,981,644,220450,219517,274930,0.51,65.2,299.8
timed,Rogue,Assassination,DPS,12,1016,1012,581,217239,218807,263902,0.55,61.6,302.4
timed,Rogue,Assassination,DPS,13,979,977,507,219191,218730,267560,0.75,50.3,303.4
timed,Rogue,Assassination,DPS,14,781,779,338,227711,228932,275375,0.92,44.4,305.1
timed,Rogue,Assassination,DPS,15,343,343,139,246888,249769,298064,0.89,45.2,306.3
timed,Rogue,Assassination,DPS,16,96,96,42,263329,267900,307702,1.09,31.2,307.3
timed,Rogue,Assassination,DPS,17,33,33,9,277190,279990,316314,1.15,39.4,307.6
timed,Rogue,Assassination,DPS,18,9,9,3,282905,281721,325034,1.56,33.3,310.3
timed,Rogue,Outlaw,DPS,2,254,252,230,111914,105086,162142,0.21,81.5,289.1
timed,Rogue,Outlaw,DPS,3,51,51,49,114054,102285,152440,0.27,78.4,289.8
timed,Rogue,Outlaw,DPS,4,116,116,112,119891,120506,156768,0.28,75.0,290.6
timed,Rogue,Outlaw,DPS,5,191,191,178,133086,131435,179151,0.23,82.2,291.0
timed,Rogue,Outlaw,DPS,6,149,148,124,152159,148630,208835,0.15,88.6,293.9
timed,Rogue,Outlaw,DPS,7,95,95,88,180459,181056,225057,0.22,78.9,293.7
timed,Rogue,Outlaw,DPS,8,89,87,84,193747,193581,238146,0.26,79.8,295.1
timed,Rogue,Outlaw,DPS,9,113,112,104,202487,198929,252270,0.2,83.2,297.2
timed,Rogue,Outlaw,DPS,10,694,692,352,211371,209890,272096,0.38,72.2,298.6
timed,Rogue,Outlaw,DPS,11,703,697,425,207410,208532,263407,0.61,63.2,297.6
timed,Rogue,Outlaw,DPS,12,629,624,351,209173,210944,257568,0.53,65.0,299.9
timed,Rogue,Outlaw,DPS,13,571,570,298,215108,214864,263090,0.64,55.9,302.8
timed,Rogue,Outlaw,DPS,14,447,446,180,223592,226830,273150,0.75,51.9,304.0
timed,Rogue,Outlaw,DPS,15,221,221,81,240633,240444,291007,0.81,43.4,305.6
timed,Rogue,Outlaw,DPS,16,97,97,34,265524,267955,315903,0.71,52.6,306.5
timed,Rogue,Outlaw,DPS,17,18,18,11,272006,268749,293962,0.72,50.0,304.3
timed,Rogue,Outlaw,DPS,18,2,2,2,276436,276436,299433,1.0,50.0,301.5
timed,Rogue,Subtlety,DPS,2,416,414,386,120536,117356,159930,0.17,88.0,291.5
timed,Rogue,Subtlety,DPS,3,83,81,83,121789,120109,161565,0.04,96.4,291.3
timed,Rogue,Subtlety,DPS,4,155,155,150,130464,133254,164966,0.15,87.7,292.4
timed,Rogue,Subtlety,DPS,5,319,317,302,145458,143111,192579,0.16,85.9,293.9
timed,Rogue,Subtlety,DPS,6,269,267,225,155601,154727,201797,0.09,91.4,295.0
timed,Rogue,Subtlety,DPS,7,168,166,156,180970,181166,228831,0.26,79.8,296.5
timed,Rogue,Subtlety,DPS,8,228,226,215,197069,197156,244393,0.21,82.9,297.3
timed,Rogue,Subtlety,DPS,9,276,269,251,196012,194042,246603,0.21,83.7,298.5
timed,Rogue,Subtlety,DPS,10,2315,2247,946,217147,215835,272032,0.29,78.1,301.3
timed,Rogue,Subtlety,DPS,11,1613,1598,919,206364,206520,259014,0.52,66.0,299.6
timed,Rogue,Subtlety,DPS,12,1235,1225,727,206634,206474,254901,0.43,68.6,302.4
timed,Rogue,Subtlety,DPS,13,991,989,521,211389,212013,253638,0.55,61.9,304.3
timed,Rogue,Subtlety,DPS,14,738,735,329,217417,217704,262336,0.68,53.9,305.9
timed,Rogue,Subtlety,DPS,15,246,244,123,234085,236171,285042,0.62,53.7,307.5
timed,Rogue,Subtlety,DPS,16,63,62,31,258523,261376,297988,0.6,55.6,309.4
timed,Rogue,Subtlety,DPS,17,14,12,8,285873,289897,331225,1.14,21.4,309.2
timed,Shaman,Elemental,DPS,2,1259,1222,1149,117247,116448,155608,0.2,84.0,289.9
timed,Shaman,Elemental,DPS,3,213,210,211,115355,113389,151545,0.27,77.9,288.7
timed,Shaman,Elemental,DPS,4,561,553,540,127531,126741,162384,0.17,85.4,291.4
timed,Shaman,Elemental,DPS,5,1065,1033,996,138669,137893,179643,0.22,82.3,292.9
timed,Shaman,Elemental,DPS,6,752,739,677,149893,148286,190294,0.17,85.2,294.3
timed,Shaman,Elemental,DPS,7,454,443,421,173661,170801,219857,0.25,78.4,295.4
timed,Shaman,Elemental,DPS,8,448,435,414,193599,191635,237970,0.23,80.1,297.0
timed,Shaman,Elemental,DPS,9,616,609,557,198950,196764,255088,0.26,78.6,298.4
timed,Shaman,Elemental,DPS,10,3880,3813,1745,216917,216910,270898,0.33,74.4,300.7
timed,Shaman,Elemental,DPS,11,3280,3219,2095,207579,208324,261383,0.63,58.3,299.4
timed,Shaman,Elemental,DPS,12,3271,3229,1849,210471,212132,256116,0.51,63.1,303.0
timed,Shaman,Elemental,DPS,13,3285,3258,1675,215170,215583,260530,0.69,52.7,304.8
timed,Shaman,Elemental,DPS,14,2367,2351,1030,225584,226459,272038,0.86,46.3,306.4
timed,Shaman,Elemental,DPS,15,1026,1021,419,244285,245613,291644,0.81,47.7,308.2
timed,Shaman,Elemental,DPS,16,457,446,152,263877,267731,312550,0.81,46.6,309.5
timed,Shaman,Elemental,DPS,17,161,161,45,286540,293691,335634,0.84,42.2,311.0
timed,Shaman,Elemental,DPS,18,34,34,13,306934,311196,368330,0.59,55.9,311.8
timed,Shaman,Enhancement,DPS,2,418,416,381,113525,113770,153944,0.24,79.9,289.8
timed,Shaman,Enhancement,DPS,3,73,73,70,113905,112372,143513,0.23,79.5,290.9
timed,Shaman,Enhancement,DPS,4,185,185,176,122980,122743,157396,0.26,77.8,291.8
timed,Shaman,Enhancement,DPS,5,334,333,309,141993,137658,187583,0.29,76.0,293.3
timed,Shaman,Enhancement,DPS,6,245,242,213,148609,147090,190100,0.24,80.4,295.6
timed,Shaman,Enhancement,DPS,7,140,139,132,165265,163194,206933,0.34,71.4,295.4
timed,Shaman,Enhancement,DPS,8,151,148,147,187399,190017,232397,0.37,71.5,297.1
timed,Shaman,Enhancement,DPS,9,199,198,182,188951,188733,230802,0.35,72.4,297.4
timed,Shaman,Enhancement,DPS,10,1181,1178,539,209814,209153,263095,0.49,63.8,300.7
timed,Shaman,Enhancement,DPS,11,875,872,526,201367,200710,251422,0.83,49.1,299.4
timed,Shaman,Enhancement,DPS,12,679,674,379,203443,205106,245547,0.71,54.6,302.5
timed,Shaman,Enhancement,DPS,13,565,565,290,210364,210261,249632,0.77,48.7,304.7
timed,Shaman,Enhancement,DPS,14,358,356,135,219627,219618,262298,0.89,43.6,306.3
timed,Shaman,Enhancement,DPS,15,110,110,48,230150,233264,270242,0.99,36.4,307.8
timed,Shaman,Enhancement,DPS,16,19,19,13,235876,243033,275029,1.16,31.6,307.2
timed,Shaman,Restoration,Healer,2,1531,1531,1386,17976,17573,28005,0.17,86.3,288.4
timed,Shaman,Restoration,Healer,3,284,284,280,18076,18789,27028,0.19,84.5,288.9
timed,Shaman,Restoration,Healer,4,683,683,654,19047,18892,27976,0.13,88.3,290.4
timed,Shaman,Restoration,Healer,5,1217,1217,1155,19809,19707,29307,0.18,84.8,291.5
timed,Shaman,Restoration,Healer,6,839,839,751,20613,20116,31215,0.13,88.8,292.6
timed,Shaman,Restoration,Healer,7,604,604,559,22885,22802,32196,0.19,83.6,294.2
timed,Shaman,Restoration,Healer,8,579,579,542,25156,24586,35299,0.19,84.5,294.8
timed,Shaman,Restoration,Healer,9,735,735,691,25045,24581,35224,0.24,79.7,296.2
timed,Shaman,Restoration,Healer,10,4903,4903,2445,28522,27560,40777,0.25,80.6,299.0
timed,Shaman,Restoration,Healer,11,4223,4223,2714,26223,25653,36301,0.46,66.8,297.4
timed,Shaman,Restoration,Healer,12,3970,3970,2339,28863,28340,39037,0.36,71.7,300.9
timed,Shaman,Restoration,Healer,13,3775,3775,1961,29813,29537,39834,0.46,65.0,303.4
timed,Shaman,Restoration,Healer,14,2673,2673,1128,31827,31525,41930,0.53,60.6,305.3
timed,Shaman,Restoration,Healer,15,922,922,383,33747,33458,44078,0.51,61.6,306.5
timed,Shaman,Restoration,Healer,16,218,218,81,37880,37519,46928,0.48,61.0,307.2
timed,Shaman,Restoration,Healer,17,46,46,19,40427,40531,50970,0.63,60.9,307.1
timed,Shaman,Restoration,Healer,18,9,9,3,41552,40332,50712,0.44,66.7,308.8
timed,Warlock,Affliction,DPS,2,175,174,160,107314,105643,138453,0.17,84.6,291.1
timed,Warlock,Affliction,DPS,3,48,48,46,105449,103054,136617,0.27,81.2,291.4
timed,Warlock,Affliction,DPS,4,74,74,73,118695,118306,152179,0.2,82.4,293.3
timed,Warlock,Affliction,DPS,5,119,119,110,132171,129772,169988,0.17,86.6,294.4
timed,Warlock,Affliction,DPS,6,82,82,76,140371,136463,181884,0.11,89.0,295.4
timed,Warlock,Affliction,DPS,7,46,46,43,159689,161124,197596,0.41,65.2,295.1
timed,Warlock,Affliction,DPS,8,31,31,31,178936,168415,228375,0.48,67.7,297.1
timed,Warlock,Affliction,DPS,9,37,37,36,181824,185711,231347,0.16,86.5,299.5
timed,Warlock,Affliction,DPS,10,251,251,155,209714,211260,279716,0.36,71.7,302.0
timed,Warlock,Affliction,DPS,11,145,145,121,179997,171511,245695,0.69,57.9,297.9
timed,Warlock,Affliction,DPS,12,85,85,66,190153,183892,236428,0.55,62.4,303.0
timed,Warlock,Affliction,DPS,13,73,73,50,203682,204833,244553,0.59,58.9,306.0
timed,Warlock,Affliction,DPS,14,35,35,24,208381,216206,246351,0.37,74.3,306.2
timed,Warlock,Affliction,DPS,15,2,2,2,193090,193090,219936,0.5,50.0,306.5
timed,Warlock,Demonology,DPS,2,639,628,590,115036,114079,154724,0.21,83.3,291.8
timed,Warlock,Demonology,DPS,3,115,112,114,117865,111394,158090,0.22,83.5,291.7
timed,Warlock,Demonology,DPS,4,296,292,285,125042,123564,159617,0.25,81.8,292.9
timed,Warlock,Demonology,DPS,5,462,460,430,136771,132884,177044,0.27,77.7,293.7
timed,Warlock,Demonology,DPS,6,329,325,290,149971,147162,194111,0.16,86.0,296.1
timed,Warlock,Demonology,DPS,7,201,197,192,179215,176258,225779,0.17,84.1,297.0
timed,Warlock,Demonology,DPS,8,183,181,174,191887,193023,231686,0.17,85.2,298.6
timed,Warlock,Demonology,DPS,9,300,297,279,199859,197948,245101,0.31,74.3,299.2
timed,Warlock,Demonology,DPS,10,2284,2248,1068,218119,219460,269158,0.36,73.2,301.4
timed,Warlock,Demonology,DPS,11,1545,1538,998,206713,204964,259482,0.67,57.1,299.5
timed,Warlock,Demonology,DPS,12,1062,1054,678,212570,212101,259832,0.48,63.8,302.8
timed,Warlock,Demonology,DPS,13,900,889,527,215588,217778,259034,0.62,55.9,304.7
timed,Warlock,Demonology,DPS,14,429,429,239,226545,226616,276700,0.79,46.4,306.5
timed,Warlock,Demonology,DPS,15,134,134,58,245469,246408,295371,0.6,53.7,308.3
timed,Warlock,Demonology,DPS,16,43,43,13,267655,262784,315242,0.58,55.8,308.9
timed,Warlock,Demonology,DPS,17,4,4,3,287838,296928,332131,0.5,75.0,310.2
timed,Warlock,Destruction,DPS,2,383,382,346,100690,100227,133451,0.3,77.3,289.3
timed,Warlock,Destruction,DPS,3,92,92,92,104709,103646,137994,0.34,70.7,291.6
timed,Warlock,Destruction,DPS,4,161,159,158,115252,112567,151394,0.22,78.9,291.7
timed,Warlock,Destruction,DPS,5,243,240,228,123467,121603,163928,0.19,83.5,292.8
timed,Warlock,Destruction,DPS,6,161,160,143,135985,135121,173352,0.25,77.0,295.8
timed,Warlock,Destruction,DPS,7,108,108,104,164540,165990,210998,0.29,72.2,296.5
timed,Warlock,Destruction,DPS,8,49,48,48,176557,174724,218107,0.27,75.5,298.2
timed,Warlock,Destruction,DPS,9,118,117,109,182048,181539,227871,0.27,77.1,299.5
timed,Warlock,Destruction,DPS,10,801,793,429,198665,198882,251921,0.4,69.8,300.7
timed,Warlock,Destruction,DPS,11,572,568,385,185261,183740,234158,0.76,51.0,298.8
timed,Warlock,Destruction,DPS,12,286,286,219,192844,192234,234606,0.64,58.7,302.8
timed,Warlock,Destruction,DPS,13,272,271,163,204085,205449,245505,0.63,55.1,305.6
timed,Warlock,Destruction,DPS,14,120,120,67,214547,214532,255738,0.75,48.3,307.0
timed,Warlock,Destruction,DPS,15,37,37,25,222856,225828,268993,0.78,43.2,307.8
timed,Warlock,Destruction,DPS,16,1,1,1,218611,218611,218611,1.0,0.0,312.0
timed,Warrior,Arms,DPS,2,1569,1513,1401,112576,110285,149717,0.27,78.8,290.1
timed,Warrior,Arms,DPS,3,298,281,291,118776,116846,155392,0.3,78.9,290.9
timed,Warrior,Arms,DPS,4,704,693,676,125194,123379,162713,0.26,78.6,292.2
timed,Warrior,Arms,DPS,5,1341,1304,1257,135890,133281,174588,0.31,74.6,293.2
timed,Warrior,Arms,DPS,6,1062,1035,936,147256,144850,189973,0.25,79.0,295.1
timed,Warrior,Arms,DPS,7,707,690,660,173497,171602,217664,0.31,73.4,296.4
timed,Warrior,Arms,DPS,8,731,713,672,185000,184457,228686,0.4,68.9,297.5
timed,Warrior,Arms,DPS,9,939,919,860,190266,189814,235498,0.43,65.8,298.6
timed,Warrior,Arms,DPS,10,6452,6171,2764,206553,205685,255784,0.49,64.2,300.8
timed,Warrior,Arms,DPS,11,5632,5436,3379,200911,199907,249813,0.82,48.9,300.2
timed,Warrior,Arms,DPS,12,5453,5345,3000,202876,202756,245861,0.71,52.4,303.4
timed,Warrior,Arms,DPS,13,5242,5176,2626,206559,207060,246826,0.91,42.2,305.1
timed,Warrior,Arms,DPS,14,3853,3809,1590,216157,216492,258309,1.08,36.6,306.8
timed,Warrior,Arms,DPS,15,1623,1604,636,232474,233531,276064,1.05,36.5,308.3
timed,Warrior,Arms,DPS,16,562,555,203,252486,252190,297548,1.02,36.3,309.8
timed,Warrior,Arms,DPS,17,182,181,51,273814,273995,316271,0.87,42.9,310.9
timed,Warrior,Arms,DPS,18,42,42,15,279044,283900,324174,0.79,38.1,312.0
timed,Warrior,Fury,DPS,2,275,271,260,112814,112625,156579,0.21,83.3,291.7
timed,Warrior,Fury,DPS,3,53,53,52,113577,108148,156277,0.32,73.6,291.5
timed,Warrior,Fury,DPS,4,127,127,124,131153,128299,172430,0.24,81.1,294.1
timed,Warrior,Fury,DPS,5,192,192,181,136094,134969,175314,0.29,77.6,294.5
timed,Warrior,Fury,DPS,6,123,122,115,148415,144201,194832,0.22,79.7,296.4
timed,Warrior,Fury,DPS,7,83,83,74,181860,186593,215743,0.3,73.5,296.6
timed,Warrior,Fury,DPS,8,81,81,75,191579,191680,232026,0.27,74.1,298.0
timed,Warrior,Fury,DPS,9,99,99,90,196723,192226,239450,0.36,68.7,298.1
timed,Warrior,Fury,DPS,10,408,407,249,211655,208041,264985,0.41,67.9,301.5
timed,Warrior,Fury,DPS,11,367,365,259,203452,200286,259898,0.59,58.0,299.5
timed,Warrior,Fury,DPS,12,341,340,230,203876,204187,251613,0.55,59.8,302.5
timed,Warrior,Fury,DPS,13,317,317,178,213770,214956,254161,0.71,47.0,304.7
timed,Warrior,Fury,DPS,14,234,234,113,223230,222124,263604,0.74,47.4,305.6
timed,Warrior,Fury,DPS,15,73,73,31,236877,236408,279744,0.74,52.1,305.7
timed,Warrior,Fury,DPS,16,25,25,12,262235,262850,311291,0.68,60.0,306.6
timed,Warrior,Fury,DPS,17,5,5,2,307891,308096,328652,0.6,60.0,306.8
timed,Warrior,Protection,Tank,2,651,651,597,75350,74598,99689,0.11,90.8,290.3
timed,Warrior,Protection,Tank,3,100,100,99,75310,75474,93537,0.13,89.0,290.3
timed,Warrior,Protection,Tank,4,291,291,283,78425,76926,101937,0.11,90.4,290.8
timed,Warrior,Protection,Tank,5,503,503,465,87203,85510,114455,0.09,92.2,292.6
timed,Warrior,Protection,Tank,6,332,332,288,88113,87138,113380,0.09,91.9,293.0
timed,Warrior,Protection,Tank,7,165,165,159,106371,104348,132862,0.14,89.1,295.1
timed,Warrior,Protection,Tank,8,197,197,180,117378,115202,148489,0.17,84.8,295.9
timed,Warrior,Protection,Tank,9,256,256,234,115173,115054,142395,0.07,93.0,296.9
timed,Warrior,Protection,Tank,10,1895,1895,747,127886,127154,159689,0.16,87.2,299.0
timed,Warrior,Protection,Tank,11,1147,1147,688,121510,121831,152649,0.24,81.2,297.8
timed,Warrior,Protection,Tank,12,650,650,377,119894,117722,150259,0.15,86.9,301.5
timed,Warrior,Protection,Tank,13,432,432,225,118253,117644,144022,0.17,85.2,303.7
timed,Warrior,Protection,Tank,14,225,225,108,124362,127302,150644,0.19,83.6,305.3
timed,Warrior,Protection,Tank,15,76,76,32,133944,133480,160468,0.09,90.8,306.1
timed,Warrior,Protection,Tank,16,33,33,9,151508,155690,172357,0.12,90.9,307.6
timed,Warrior,Protection,Tank,17,3,3,1,149486,151924,159879,0.0,100.0,310.0
