subset,class,spec,role,week_start,parses,runs,avg_dps,median_dps,p90_dps,avg_deaths,deathless_pct,avg_item_level
all,DeathKnight,Blood,Tank,2026-06-22,24,24,119651,120121,154802,1.5,33.3,319.9
all,DeathKnight,Blood,Tank,2026-06-29,61,61,110994,104246,165956,1.11,60.7,320.2
all,DeathKnight,Blood,Tank,2026-07-06,101,101,123410,114151,172616,0.7,53.5,327.1
all,DeathKnight,Blood,Tank,2026-07-13,92,92,139430,137428,185660,0.76,66.3,330.8
all,DeathKnight,Blood,Tank,2026-07-20,345,345,173739,165193,242969,0.74,62.0,331.5
all,DeathKnight,Blood,Tank,2026-07-27,588,588,172304,168682,240589,0.72,59.5,331.3
all,DeathKnight,Frost,DPS,2026-06-22,135,131,286693,279134,388034,2.25,20.7,322.2
all,DeathKnight,Frost,DPS,2026-06-29,297,265,260913,257786,340558,2.08,22.6,325.8
all,DeathKnight,Frost,DPS,2026-07-06,234,230,244696,252024,326048,1.51,28.6,330.7
all,DeathKnight,Frost,DPS,2026-07-13,124,124,246835,232507,357435,1.21,45.2,331.5
all,DeathKnight,Frost,DPS,2026-07-20,90,89,235054,232880,336480,2.06,38.9,331.8
all,DeathKnight,Frost,DPS,2026-07-27,58,58,277493,283542,350366,1.98,15.5,330.4
all,DeathKnight,Unholy,DPS,2026-06-22,65,61,228316,211207,327787,4.69,15.4,317.7
all,DeathKnight,Unholy,DPS,2026-06-29,88,87,229494,231604,307646,1.88,29.5,323.6
all,DeathKnight,Unholy,DPS,2026-07-06,70,70,176069,169678,256021,1.4,42.9,326.6
all,DeathKnight,Unholy,DPS,2026-07-13,29,29,190571,187851,277741,2.45,13.8,330.9
all,DeathKnight,Unholy,DPS,2026-07-20,153,151,258558,256145,353237,1.61,30.1,331.5
all,DeathKnight,Unholy,DPS,2026-07-27,169,169,249300,248885,340839,2.07,27.2,330.4
all,DemonHunter,Devourer,DPS,2026-06-22,41,41,181438,178344,219867,2.9,7.3,319.3
all,DemonHunter,Devourer,DPS,2026-06-29,56,56,156787,152528,206564,3.43,16.1,321.0
all,DemonHunter,Devourer,DPS,2026-07-06,191,189,240550,235436,335484,1.99,23.6,330.5
all,DemonHunter,Devourer,DPS,2026-07-13,260,228,269948,271174,366188,2.3,18.5,331.3
all,DemonHunter,Devourer,DPS,2026-07-20,261,257,266819,261349,365464,2.26,14.6,332.0
all,DemonHunter,Devourer,DPS,2026-07-27,425,422,275183,280079,374117,2.16,21.6,331.8
all,DemonHunter,Havoc,DPS,2026-06-22,43,43,225115,219051,324784,2.16,25.6,322.0
all,DemonHunter,Havoc,DPS,2026-06-29,41,41,186673,187393,239474,3.17,7.3,321.6
all,DemonHunter,Havoc,DPS,2026-07-06,42,41,203324,195183,274011,2.31,11.9,329.0
all,DemonHunter,Havoc,DPS,2026-07-13,16,16,135368,110062,215634,3.12,6.2,324.2
all,DemonHunter,Havoc,DPS,2026-07-20,22,22,214401,200992,264231,4.0,22.7,330.5
all,DemonHunter,Havoc,DPS,2026-07-27,86,86,230834,224812,306092,1.73,26.7,329.0
all,DemonHunter,Vengeance,Tank,2026-06-15,1,1,184606,184606,184606,0.0,100.0,518.0
all,DemonHunter,Vengeance,Tank,2026-06-22,25,25,121047,124579,156720,2.04,32.0,319.2
all,DemonHunter,Vengeance,Tank,2026-06-29,68,68,109570,106016,161700,1.76,39.7,323.0
all,DemonHunter,Vengeance,Tank,2026-07-06,110,110,132993,125872,191379,0.78,60.9,329.8
all,DemonHunter,Vengeance,Tank,2026-07-13,60,60,107657,106110,137403,2.0,33.3,327.7
all,DemonHunter,Vengeance,Tank,2026-07-20,79,79,134900,130717,182528,1.13,45.6,331.3
all,DemonHunter,Vengeance,Tank,2026-07-27,83,83,148189,148523,214866,0.94,53.0,330.7
all,Druid,Balance,DPS,2026-06-22,17,17,177865,158045,237872,4.24,11.8,319.6
all,Druid,Balance,DPS,2026-06-29,33,33,214652,207416,267612,2.33,9.1,324.8
all,Druid,Balance,DPS,2026-07-06,245,243,253157,246737,342039,1.94,18.8,332.0
all,Druid,Balance,DPS,2026-07-13,236,236,263695,259412,347697,2.5,15.3,331.9
all,Druid,Balance,DPS,2026-07-20,259,258,241515,234942,325819,2.61,25.9,331.8
all,Druid,Balance,DPS,2026-07-27,310,308,253797,251025,338126,2.37,21.6,331.0
all,Druid,Feral,DPS,2026-06-15,1,1,266175,266175,266175,0.0,100.0,519.0
all,Druid,Feral,DPS,2026-06-22,17,17,228749,204391,310661,3.94,5.9,319.6
all,Druid,Feral,DPS,2026-06-29,46,46,220286,227501,293412,2.46,13.0,324.3
all,Druid,Feral,DPS,2026-07-06,23,23,189269,182070,246278,1.04,52.2,324.4
all,Druid,Feral,DPS,2026-07-13,20,20,234072,246838,273651,2.45,20.0,333.4
all,Druid,Feral,DPS,2026-07-20,19,19,256842,260050,319888,3.89,5.3,333.3
all,Druid,Feral,DPS,2026-07-27,34,34,251637,253448,336460,2.65,14.7,331.3
all,Druid,Guardian,Tank,2026-06-22,38,38,96389,91212,126528,3.42,18.4,315.6
all,Druid,Guardian,Tank,2026-06-29,35,35,100570,88512,133395,1.57,25.7,320.6
all,Druid,Guardian,Tank,2026-07-06,47,47,104465,91390,169558,0.79,55.3,328.3
all,Druid,Guardian,Tank,2026-07-13,35,35,118338,109606,160017,0.91,60.0,331.0
all,Druid,Guardian,Tank,2026-07-20,19,19,98194,94098,125742,1.74,15.8,328.5
all,Druid,Guardian,Tank,2026-07-27,54,54,135075,122679,193158,0.61,61.1,328.9
all,Druid,Restoration,Healer,2026-06-22,32,32,10053,7202,19754,3.62,6.2,317.5
all,Druid,Restoration,Healer,2026-06-29,26,26,12208,7622,25821,3.35,7.7,322.0
all,Druid,Restoration,Healer,2026-07-06,63,63,14307,9257,25935,1.56,19.0,330.7
all,Druid,Restoration,Healer,2026-07-13,23,23,8680,5279,19939,2.91,13.0,326.7
all,Druid,Restoration,Healer,2026-07-20,41,41,16455,15294,27011,3.39,7.3,331.5
all,Druid,Restoration,Healer,2026-07-27,32,32,14591,12793,26598,2.75,18.8,328.3
all,Evoker,Augmentation,DPS,2026-06-22,67,67,201495,209060,250692,2.81,19.4,320.9
all,Evoker,Augmentation,DPS,2026-06-29,140,140,212892,224534,276127,2.76,13.6,323.3
all,Evoker,Augmentation,DPS,2026-07-06,113,113,186383,177898,254009,1.8,28.3,326.8
all,Evoker,Augmentation,DPS,2026-07-13,41,41,158979,143589,225108,2.05,39.0,324.8
all,Evoker,Augmentation,DPS,2026-07-20,88,88,185935,171079,289513,2.59,8.0,327.2
all,Evoker,Augmentation,DPS,2026-07-27,32,32,212687,195258,342109,1.81,40.6,322.4
all,Evoker,Devastation,DPS,2026-06-22,16,16,153801,153766,195308,4.75,0.0,315.8
all,Evoker,Devastation,DPS,2026-06-29,29,24,173834,163720,214391,2.79,13.8,318.6
all,Evoker,Devastation,DPS,2026-07-06,24,24,179137,188752,229322,2.58,29.2,324.1
all,Evoker,Devastation,DPS,2026-07-13,23,23,201895,197544,237755,1.87,21.7,326.7
all,Evoker,Devastation,DPS,2026-07-20,16,16,218119,227546,255816,2.88,6.2,331.6
all,Evoker,Devastation,DPS,2026-07-27,53,45,221490,215804,293239,2.57,20.8,328.6
all,Evoker,Preservation,Healer,2026-06-22,21,21,34075,29179,62640,4.1,0.0,329.7
all,Evoker,Preservation,Healer,2026-06-29,65,65,59162,57828,98410,3.6,12.3,324.2
all,Evoker,Preservation,Healer,2026-07-06,79,79,52307,53702,85697,2.8,8.9,329.1
all,Evoker,Preservation,Healer,2026-07-13,77,77,59788,57042,94876,2.77,19.5,330.6
all,Evoker,Preservation,Healer,2026-07-20,55,55,61053,59768,94998,2.25,16.4,331.1
all,Evoker,Preservation,Healer,2026-07-27,105,105,64366,69913,92181,2.35,21.0,331.5
all,Hunter,BeastMastery,DPS,2026-06-22,42,42,179581,173993,233944,5.67,2.4,320.6
all,Hunter,BeastMastery,DPS,2026-06-29,117,112,212118,212969,278057,2.7,16.2,324.0
all,Hunter,BeastMastery,DPS,2026-07-06,80,80,220586,207773,321940,2.11,25.0,328.6
all,Hunter,BeastMastery,DPS,2026-07-13,30,30,191938,195113,271363,3.1,10.0,330.5
all,Hunter,BeastMastery,DPS,2026-07-20,23,23,250045,236608,356216,2.26,34.8,332.3
all,Hunter,BeastMastery,DPS,2026-07-27,25,25,198893,169602,334500,2.88,8.0,325.7
all,Hunter,Marksmanship,DPS,2026-06-22,12,12,171935,200150,224702,3.92,16.7,322.6
all,Hunter,Marksmanship,DPS,2026-06-29,21,21,160204,183890,205070,3.1,4.8,323.0
all,Hunter,Marksmanship,DPS,2026-07-06,69,66,216927,199690,287104,1.84,30.4,330.9
all,Hunter,Marksmanship,DPS,2026-07-13,139,138,279753,282021,368582,2.58,10.8,332.0
all,Hunter,Marksmanship,DPS,2026-07-20,337,335,288248,285476,386136,2.41,20.5,332.7
all,Hunter,Marksmanship,DPS,2026-07-27,306,302,278782,284294,377528,1.97,22.5,331.9
all,Hunter,Survival,DPS,2026-06-22,17,17,203010,211693,273136,3.94,5.9,315.5
all,Hunter,Survival,DPS,2026-06-29,42,42,207376,204370,275829,2.17,26.2,323.0
all,Hunter,Survival,DPS,2026-07-06,62,62,216988,221451,295888,1.89,12.9,329.6
all,Hunter,Survival,DPS,2026-07-13,89,88,227017,221888,301564,2.65,20.2,329.7
all,Hunter,Survival,DPS,2026-07-20,37,37,218523,229216,315622,3.19,21.6,331.2
all,Hunter,Survival,DPS,2026-07-27,23,23,271770,269448,363485,1.83,26.1,332.3
all,Mage,Arcane,DPS,2026-06-22,63,63,171406,155457,245318,4.22,11.1,318.3
all,Mage,Arcane,DPS,2026-06-29,319,301,236510,236128,312978,2.68,20.4,325.2
all,Mage,Arcane,DPS,2026-07-06,480,463,247589,243184,329638,1.73,26.0,329.9
all,Mage,Arcane,DPS,2026-07-13,523,503,262864,256449,360345,2.0,26.0,331.7
all,Mage,Arcane,DPS,2026-07-20,401,395,238915,238032,311321,2.43,20.9,331.3
all,Mage,Arcane,DPS,2026-07-27,573,563,270728,266786,372648,1.94,20.8,331.1
all,Mage,Fire,DPS,2026-06-22,4,4,171163,165658,181071,3.5,0.0,324.8
all,Mage,Fire,DPS,2026-06-29,6,6,174215,165744,207276,3.5,0.0,319.3
all,Mage,Fire,DPS,2026-07-06,70,70,248437,241898,341437,1.3,60.0,330.8
all,Mage,Fire,DPS,2026-07-13,28,28,266587,265619,328287,0.93,50.0,331.7
all,Mage,Fire,DPS,2026-07-20,24,24,204715,203860,281361,3.25,4.2,331.8
all,Mage,Fire,DPS,2026-07-27,14,14,277481,271774,357618,0.86,57.1,334.0
all,Mage,Frost,DPS,2026-06-22,19,19,187178,178546,254893,3.32,10.5,319.1
all,Mage,Frost,DPS,2026-06-29,19,19,182817,176111,255811,3.79,21.1,320.5
all,Mage,Frost,DPS,2026-07-06,7,7,186939,181403,218687,3.0,14.3,327.6
all,Mage,Frost,DPS,2026-07-13,27,26,167573,173307,201543,3.44,7.4,322.8
all,Mage,Frost,DPS,2026-07-20,38,38,251917,215198,362440,1.08,34.2,328.9
all,Mage,Frost,DPS,2026-07-27,22,22,190117,183448,255242,4.0,9.1,327.5
all,Monk,Brewmaster,Tank,2026-06-22,69,69,124135,123885,163712,2.07,31.9,322.8
all,Monk,Brewmaster,Tank,2026-06-29,54,54,103576,98392,148703,1.33,44.4,321.7
all,Monk,Brewmaster,Tank,2026-07-06,57,57,110013,97706,162789,0.91,43.9,327.3
all,Monk,Brewmaster,Tank,2026-07-13,21,21,127442,111347,180116,0.95,47.6,327.2
all,Monk,Brewmaster,Tank,2026-07-20,41,41,133830,138254,174547,1.24,41.5,331.1
all,Monk,Brewmaster,Tank,2026-07-27,40,40,136345,132818,178819,1.15,37.5,330.8
all,Monk,Mistweaver,Healer,2026-06-22,124,124,56479,54460,79873,2.65,22.6,321.6
all,Monk,Mistweaver,Healer,2026-06-29,249,249,57955,56392,77041,1.8,26.9,325.3
all,Monk,Mistweaver,Healer,2026-07-06,296,296,64495,62534,83669,1.26,39.2,331.7
all,Monk,Mistweaver,Healer,2026-07-13,373,373,70638,68930,92310,1.43,36.7,331.8
all,Monk,Mistweaver,Healer,2026-07-20,332,332,68423,67725,88188,1.64,32.2,332.3
all,Monk,Mistweaver,Healer,2026-07-27,122,122,53435,54382,69266,1.75,26.2,329.3
all,Monk,Windwalker,DPS,2026-06-22,13,13,184778,174924,244719,5.08,0.0,318.0
all,Monk,Windwalker,DPS,2026-06-29,24,24,191426,188916,244294,2.71,0.0,324.2
all,Monk,Windwalker,DPS,2026-07-06,42,42,193488,191884,265450,1.79,19.0,327.2
all,Monk,Windwalker,DPS,2026-07-13,12,12,241326,254122,341077,2.25,41.7,331.8
all,Monk,Windwalker,DPS,2026-07-20,62,62,281818,273734,375281,2.16,17.7,332.5
all,Monk,Windwalker,DPS,2026-07-27,154,151,292590,299286,388807,2.54,14.9,332.7
all,Paladin,Holy,Healer,2026-06-22,35,35,33302,19714,43114,2.83,11.4,321.3
all,Paladin,Holy,Healer,2026-06-29,47,47,27602,20580,49476,2.13,21.3,321.7
all,Paladin,Holy,Healer,2026-07-06,126,126,35808,30846,65882,1.6,27.8,330.2
all,Paladin,Holy,Healer,2026-07-13,120,120,34017,31736,56041,1.58,25.8,331.0
all,Paladin,Holy,Healer,2026-07-20,207,207,35698,32472,62316,1.96,28.5,331.3
all,Paladin,Holy,Healer,2026-07-27,513,513,40791,37611,65613,1.57,30.0,332.0
all,Paladin,Protection,Tank,2026-06-22,121,121,144054,140092,205404,1.58,45.5,318.2
all,Paladin,Protection,Tank,2026-06-29,359,359,152837,153838,207499,0.91,56.8,325.3
all,Paladin,Protection,Tank,2026-07-06,565,565,164810,156081,245358,0.78,54.7,330.6
all,Paladin,Protection,Tank,2026-07-13,651,651,168578,161413,239416,0.97,51.5,331.9
all,Paladin,Protection,Tank,2026-07-20,451,451,145343,141410,189946,0.94,55.4,331.4
all,Paladin,Protection,Tank,2026-07-27,422,422,145056,144894,195198,0.83,55.9,331.7
all,Paladin,Retribution,DPS,2026-06-22,81,79,235960,231137,307022,3.25,14.8,325.5
all,Paladin,Retribution,DPS,2026-06-29,127,127,209272,205001,274730,2.54,16.5,325.0
all,Paladin,Retribution,DPS,2026-07-06,123,122,199989,201547,262738,1.98,23.6,328.9
all,Paladin,Retribution,DPS,2026-07-13,78,78,203293,200251,312272,2.13,24.4,327.8
all,Paladin,Retribution,DPS,2026-07-20,92,92,237213,225098,327633,2.4,18.5,331.3
all,Paladin,Retribution,DPS,2026-07-27,137,136,242947,240887,351355,2.53,11.7,330.4
all,Priest,Discipline,Healer,2026-06-22,36,36,30236,23416,61494,5.22,11.1,318.2
all,Priest,Discipline,Healer,2026-06-29,134,134,45004,44536,66487,2.54,20.1,324.4
all,Priest,Discipline,Healer,2026-07-06,193,193,43917,35029,79085,1.77,30.1,328.4
all,Priest,Discipline,Healer,2026-07-13,147,147,37830,29056,75178,2.22,19.7,330.1
all,Priest,Discipline,Healer,2026-07-20,110,110,37352,31788,66625,2.2,24.5,329.3
all,Priest,Discipline,Healer,2026-07-27,128,128,42178,32507,80601,2.3,25.0,331.5
all,Priest,Holy,Healer,2026-06-22,8,8,10855,8022,17045,3.62,12.5,316.6
all,Priest,Holy,Healer,2026-06-29,10,10,17482,18200,25342,1.4,70.0,324.1
all,Priest,Holy,Healer,2026-07-06,28,28,19971,19835,31134,0.89,46.4,329.2
all,Priest,Holy,Healer,2026-07-13,32,32,23441,23083,34522,1.31,40.6,330.8
all,Priest,Holy,Healer,2026-07-20,33,33,27355,24478,46151,1.76,39.4,329.7
all,Priest,Holy,Healer,2026-07-27,44,44,24246,19587,45107,1.95,31.8,328.7
all,Priest,Shadow,DPS,2026-06-15,1,1,224730,224730,224730,1.0,0.0,499.0
all,Priest,Shadow,DPS,2026-06-22,17,17,190578,195738,238271,4.0,0.0,321.1
all,Priest,Shadow,DPS,2026-06-29,58,58,211763,207108,268229,3.64,10.3,323.1
all,Priest,Shadow,DPS,2026-07-06,103,103,248635,258897,327610,1.52,29.1,330.8
all,Priest,Shadow,DPS,2026-07-13,139,139,261224,255012,341109,2.4,12.9,332.4
all,Priest,Shadow,DPS,2026-07-20,81,80,217102,220640,273616,2.85,16.0,329.3
all,Priest,Shadow,DPS,2026-07-27,110,110,266702,267745,355852,2.02,30.9,331.3
all,Rogue,Assassination,DPS,2026-06-22,11,11,220501,231866,266942,2.64,18.2,318.5
all,Rogue,Assassination,DPS,2026-06-29,20,20,175481,187578,231801,4.35,0.0,322.8
all,Rogue,Assassination,DPS,2026-07-06,23,23,194174,202648,271098,2.65,21.7,329.3
all,Rogue,Assassination,DPS,2026-07-13,15,15,205001,197362,258359,1.8,20.0,331.4
all,Rogue,Assassination,DPS,2026-07-20,28,28,219635,228658,295847,3.25,21.4,330.4
all,Rogue,Assassination,DPS,2026-07-27,52,52,271603,271718,384198,2.06,23.1,330.8
all,Rogue,Outlaw,DPS,2026-06-22,8,8,188518,172306,269511,5.5,0.0,319.9
all,Rogue,Outlaw,DPS,2026-06-29,20,20,180055,187042,206520,3.3,5.0,326.0
all,Rogue,Outlaw,DPS,2026-07-06,41,41,209227,207466,265631,2.17,31.7,329.7
all,Rogue,Outlaw,DPS,2026-07-13,64,64,273338,281500,335090,1.67,21.9,332.8
all,Rogue,Outlaw,DPS,2026-07-20,52,51,238702,251028,303810,3.15,9.6,332.0
all,Rogue,Outlaw,DPS,2026-07-27,104,103,277589,271488,377771,1.5,32.7,331.7
all,Rogue,Subtlety,DPS,2026-06-22,17,17,223506,228874,292520,3.35,17.6,322.6
all,Rogue,Subtlety,DPS,2026-06-29,29,29,176652,187799,232103,3.97,6.9,323.5
all,Rogue,Subtlety,DPS,2026-07-06,12,12,181345,193166,224391,2.42,25.0,331.8
all,Rogue,Subtlety,DPS,2026-07-13,2,2,196076,196076,212312,1.5,0.0,334.0
all,Rogue,Subtlety,DPS,2026-07-20,8,8,196506,227712,244229,1.12,12.5,325.5
all,Rogue,Subtlety,DPS,2026-07-27,13,13,216643,207795,273515,2.69,7.7,328.2
all,Shaman,Elemental,DPS,2026-06-22,27,27,204807,200448,261535,3.63,3.7,317.9
all,Shaman,Elemental,DPS,2026-06-29,110,110,251905,246083,342568,3.07,10.9,324.9
all,Shaman,Elemental,DPS,2026-07-06,175,175,252988,261301,346016,2.08,22.3,330.7
all,Shaman,Elemental,DPS,2026-07-13,216,214,277285,271971,356546,2.36,18.5,332.3
all,Shaman,Elemental,DPS,2026-07-20,213,212,265009,261348,364188,2.59,21.1,330.9
all,Shaman,Elemental,DPS,2026-07-27,357,356,281099,276818,375406,2.08,23.2,331.8
all,Shaman,Enhancement,DPS,2026-06-22,57,57,221821,229888,289963,4.61,10.5,320.7
all,Shaman,Enhancement,DPS,2026-06-29,66,66,218749,224240,284608,2.48,19.7,325.0
all,Shaman,Enhancement,DPS,2026-07-06,135,135,237480,236878,310779,2.17,26.7,330.9
all,Shaman,Enhancement,DPS,2026-07-13,128,128,229107,219894,316767,2.48,27.3,329.7
all,Shaman,Enhancement,DPS,2026-07-20,71,71,235527,229747,304300,2.56,12.7,328.2
all,Shaman,Enhancement,DPS,2026-07-27,55,55,250733,237393,380483,2.55,5.5,329.3
all,Shaman,Restoration,Healer,2026-06-15,1,1,32722,32722,32722,0.0,100.0,516.0
all,Shaman,Restoration,Healer,2026-06-22,56,56,19198,17424,25702,3.64,10.7,316.6
all,Shaman,Restoration,Healer,2026-06-29,134,134,25653,24725,38438,1.96,31.3,323.3
all,Shaman,Restoration,Healer,2026-07-06,149,149,40178,39656,56880,1.06,43.0,328.6
all,Shaman,Restoration,Healer,2026-07-13,136,136,40476,43798,54412,1.48,28.7,332.6
all,Shaman,Restoration,Healer,2026-07-20,213,213,39042,38643,54953,1.97,28.6,331.7
all,Shaman,Restoration,Healer,2026-07-27,316,316,41925,43060,59684,1.56,31.3,331.3
all,Warlock,Affliction,DPS,2026-06-22,54,54,232438,241229,293557,3.26,7.4,318.4
all,Warlock,Affliction,DPS,2026-06-29,123,121,248850,242535,357123,3.28,15.4,323.9
all,Warlock,Affliction,DPS,2026-07-06,147,147,257473,254794,334573,1.63,27.9,328.4
all,Warlock,Affliction,DPS,2026-07-13,78,78,249623,245604,330897,2.13,25.6,330.8
all,Warlock,Affliction,DPS,2026-07-20,98,98,249825,259852,332771,2.14,25.5,331.2
all,Warlock,Affliction,DPS,2026-07-27,61,59,261465,262293,350907,2.23,19.7,330.2
all,Warlock,Demonology,DPS,2026-06-22,35,35,190672,167688,293895,5.03,11.4,317.9
all,Warlock,Demonology,DPS,2026-06-29,18,18,206644,204999,248436,4.28,0.0,320.1
all,Warlock,Demonology,DPS,2026-07-06,41,41,229412,225789,310360,1.59,36.6,327.9
all,Warlock,Demonology,DPS,2026-07-13,40,40,245651,241234,305578,1.58,42.5,331.1
all,Warlock,Demonology,DPS,2026-07-20,56,56,246034,242971,310087,2.34,16.1,332.8
all,Warlock,Demonology,DPS,2026-07-27,37,36,259597,264179,344382,2.19,13.5,331.9
all,Warlock,Destruction,DPS,2026-06-22,1,1,145462,145462,145462,11.0,0.0,315.0
all,Warlock,Destruction,DPS,2026-06-29,7,7,203747,184074,268228,0.86,42.9,320.6
all,Warlock,Destruction,DPS,2026-07-06,40,40,242909,229657,310797,0.95,37.5,333.0
all,Warlock,Destruction,DPS,2026-07-13,36,36,277926,285574,358322,2.56,5.6,333.6
all,Warlock,Destruction,DPS,2026-07-20,60,60,252220,251865,315016,2.6,11.7,332.0
all,Warlock,Destruction,DPS,2026-07-27,46,46,239825,232404,314655,2.41,19.6,331.2
all,Warrior,Arms,DPS,2026-06-22,36,36,243823,240124,298984,2.81,13.9,321.5
all,Warrior,Arms,DPS,2026-06-29,93,89,234697,240718,308945,2.35,28.0,326.3
all,Warrior,Arms,DPS,2026-07-06,185,185,262532,253088,366761,1.42,28.6,331.8
all,Warrior,Arms,DPS,2026-07-13,304,304,289150,277634,398012,1.89,27.0,332.4
all,Warrior,Arms,DPS,2026-07-20,347,343,276290,277540,372222,2.62,16.4,332.1
all,Warrior,Arms,DPS,2026-07-27,508,497,273068,271961,354729,2.53,16.5,332.0
all,Warrior,Fury,DPS,2026-06-15,1,1,331127,331127,331127,1.0,0.0,519.0
all,Warrior,Fury,DPS,2026-06-22,19,19,191411,189514,243293,3.74,5.3,320.9
all,Warrior,Fury,DPS,2026-06-29,41,41,214682,213453,289478,3.17,9.8,323.9
all,Warrior,Fury,DPS,2026-07-06,25,24,201510,194498,252672,1.92,20.0,328.4
all,Warrior,Fury,DPS,2026-07-13,27,27,199346,204247,238326,3.11,14.8,331.1
all,Warrior,Fury,DPS,2026-07-20,29,29,210278,193664,312040,2.31,17.2,327.3
all,Warrior,Fury,DPS,2026-07-27,16,16,221228,210990,258460,2.62,12.5,330.8
all,Warrior,Protection,Tank,2026-06-22,35,35,117152,119404,151170,1.17,34.3,323.5
all,Warrior,Protection,Tank,2026-06-29,88,88,120163,117230,162541,1.01,56.8,326.7
all,Warrior,Protection,Tank,2026-07-06,54,54,123790,120952,169691,0.8,61.1,331.2
all,Warrior,Protection,Tank,2026-07-13,49,49,136600,128547,199587,1.1,55.1,330.8
all,Warrior,Protection,Tank,2026-07-20,55,55,135485,125917,187856,1.13,56.4,329.9
all,Warrior,Protection,Tank,2026-07-27,73,73,156852,149397,222221,1.03,49.3,329.7
timed,DeathKnight,Blood,Tank,2026-06-29,11,11,117984,116246,146889,0.09,90.9,322.1
timed,DeathKnight,Blood,Tank,2026-07-06,74,74,129097,119544,176697,0.36,67.6,327.1
timed,DeathKnight,Blood,Tank,2026-07-13,53,53,141145,141168,171342,0.21,86.8,331.1
timed,DeathKnight,Blood,Tank,2026-07-20,200,200,177647,168095,243134,0.18,85.0,331.9
timed,DeathKnight,Blood,Tank,2026-07-27,347,347,176321,175279,242295,0.27,77.2,331.2
timed,DeathKnight,Frost,DPS,2026-06-29,78,69,266234,265896,325469,1.09,32.1,326.7
timed,DeathKnight,Frost,DPS,2026-07-06,163,161,263777,267340,332615,1.03,36.2,331.1
timed,DeathKnight,Frost,DPS,2026-07-13,77,77,259987,245549,357982,0.52,64.9,332.0
timed,DeathKnight,Frost,DPS,2026-07-20,52,52,248565,241218,336293,0.48,67.3,331.8
timed,DeathKnight,Frost,DPS,2026-07-27,19,19,288169,279669,447516,1.05,31.6,329.9
timed,DeathKnight,Unholy,DPS,2026-06-29,24,23,240835,241198,287411,0.67,62.5,325.3
timed,DeathKnight,Unholy,DPS,2026-07-06,48,48,181882,170364,261130,0.62,60.4,325.7
timed,DeathKnight,Unholy,DPS,2026-07-13,7,7,200858,202235,238948,0.43,57.1,332.1
timed,DeathKnight,Unholy,DPS,2026-07-20,90,88,257194,251564,342053,0.89,42.2,331.4
timed,DeathKnight,Unholy,DPS,2026-07-27,71,71,259033,268094,364154,0.86,47.9,330.3
timed,DemonHunter,Devourer,DPS,2026-06-29,15,15,151066,154221,169732,2.0,26.7,317.6
timed,DemonHunter,Devourer,DPS,2026-07-06,136,134,253880,247893,354916,1.4,32.4,330.5
timed,DemonHunter,Devourer,DPS,2026-07-13,167,148,283254,286462,367544,1.3,26.3,331.8
timed,DemonHunter,Devourer,DPS,2026-07-20,156,155,272980,268696,364323,1.61,21.2,332.0
timed,DemonHunter,Devourer,DPS,2026-07-27,237,236,292877,289398,385954,1.36,30.0,332.3
timed,DemonHunter,Havoc,DPS,2026-06-29,13,13,184904,174737,231962,2.0,15.4,320.2
timed,DemonHunter,Havoc,DPS,2026-07-06,24,23,221500,243156,274745,1.33,20.8,329.0
timed,DemonHunter,Havoc,DPS,2026-07-13,4,4,205589,215634,247813,1.5,25.0,330.8
timed,DemonHunter,Havoc,DPS,2026-07-20,11,11,231299,199140,334561,1.82,36.4,330.5
timed,DemonHunter,Havoc,DPS,2026-07-27,50,50,227137,206248,291679,0.98,44.0,328.3
timed,DemonHunter,Vengeance,Tank,2026-06-29,16,16,122681,120494,160118,0.38,62.5,323.9
timed,DemonHunter,Vengeance,Tank,2026-07-06,70,70,135898,129876,186332,0.37,71.4,329.8
timed,DemonHunter,Vengeance,Tank,2026-07-13,27,27,110235,108393,138905,0.7,59.3,327.7
timed,DemonHunter,Vengeance,Tank,2026-07-20,37,37,147117,141398,186458,0.22,78.4,331.2
timed,DemonHunter,Vengeance,Tank,2026-07-27,42,42,141514,144018,213123,0.38,71.4,329.7
timed,Druid,Balance,DPS,2026-06-29,13,13,233401,230167,299313,2.23,7.7,326.0
timed,Druid,Balance,DPS,2026-07-06,187,187,263640,253591,355274,1.47,24.6,331.9
timed,Druid,Balance,DPS,2026-07-13,145,145,270790,270291,348117,1.4,23.4,331.5
timed,Druid,Balance,DPS,2026-07-20,146,145,256136,247544,335101,0.95,43.2,331.6
timed,Druid,Balance,DPS,2026-07-27,169,168,264973,264343,351168,1.07,37.3,331.0
timed,Druid,Feral,DPS,2026-06-29,8,8,252228,261038,306980,2.5,12.5,328.0
timed,Druid,Feral,DPS,2026-07-06,15,15,193596,196560,244974,0.33,73.3,324.5
timed,Druid,Feral,DPS,2026-07-13,12,12,246975,255092,284578,1.5,33.3,334.0
timed,Druid,Feral,DPS,2026-07-20,10,10,276996,281622,320475,1.6,10.0,334.0
timed,Druid,Feral,DPS,2026-07-27,15,15,239493,240444,347196,1.33,33.3,330.5
timed,Druid,Guardian,Tank,2026-06-29,8,8,139199,133394,218227,0.12,87.5,324.8
timed,Druid,Guardian,Tank,2026-07-06,34,34,112759,103632,169574,0.53,58.8,328.7
timed,Druid,Guardian,Tank,2026-07-13,19,19,121506,115359,161942,0.11,89.5,330.6
timed,Druid,Guardian,Tank,2026-07-20,7,7,90192,92267,110905,0.57,42.9,326.6
timed,Druid,Guardian,Tank,2026-07-27,39,39,138365,140108,192307,0.44,64.1,329.0
timed,Druid,Restoration,Healer,2026-06-29,6,6,11951,9340,24379,1.17,33.3,323.7
timed,Druid,Restoration,Healer,2026-07-06,47,47,13259,8354,26030,1.06,23.4,330.0
timed,Druid,Restoration,Healer,2026-07-13,13,13,9455,6176,19939,1.54,23.1,328.0
timed,Druid,Restoration,Healer,2026-07-20,7,7,8935,8745,17322,1.14,28.6,326.6
timed,Druid,Restoration,Healer,2026-07-27,15,15,13583,13197,23548,1.33,33.3,327.1
timed,Evoker,Augmentation,DPS,2026-06-29,33,33,226772,240572,310235,1.76,9.1,322.9
timed,Evoker,Augmentation,DPS,2026-07-06,77,77,198183,205934,257087,1.0,40.3,327.3
timed,Evoker,Augmentation,DPS,2026-07-13,20,20,163683,180333,200925,0.8,75.0,323.6
timed,Evoker,Augmentation,DPS,2026-07-20,37,37,190227,170896,236678,1.35,18.9,326.3
timed,Evoker,Augmentation,DPS,2026-07-27,16,16,244059,217249,348026,0.62,62.5,325.8
timed,Evoker,Devastation,DPS,2026-06-29,7,7,181747,184218,208150,1.71,0.0,315.0
timed,Evoker,Devastation,DPS,2026-07-06,12,12,208590,213207,231615,1.17,50.0,324.9
timed,Evoker,Devastation,DPS,2026-07-13,11,11,207841,193708,239740,1.0,36.4,324.5
timed,Evoker,Devastation,DPS,2026-07-20,8,8,226832,227556,260666,1.38,0.0,332.4
timed,Evoker,Devastation,DPS,2026-07-27,27,21,231147,237141,295982,1.26,40.7,326.8
timed,Evoker,Preservation,Healer,2026-06-29,16,16,75600,84633,95579,2.12,12.5,325.6
timed,Evoker,Preservation,Healer,2026-07-06,45,45,59526,61138,85800,1.84,15.6,331.0
timed,Evoker,Preservation,Healer,2026-07-13,48,48,65195,60861,96600,1.5,31.2,331.6
timed,Evoker,Preservation,Healer,2026-07-20,29,29,69298,66066,95328,1.21,31.0,331.8
timed,Evoker,Preservation,Healer,2026-07-27,57,57,68683,75345,91502,1.21,35.1,331.5
timed,Hunter,BeastMastery,DPS,2026-06-29,28,26,227248,228973,262729,2.32,21.4,327.5
timed,Hunter,BeastMastery,DPS,2026-07-06,56,56,231662,231970,327786,1.23,35.7,328.2
timed,Hunter,BeastMastery,DPS,2026-07-13,16,16,203902,216906,256956,1.88,18.8,331.6
timed,Hunter,BeastMastery,DPS,2026-07-20,11,11,277220,278973,369327,0.64,63.6,331.6
timed,Hunter,BeastMastery,DPS,2026-07-27,16,16,217369,185498,349662,2.31,12.5,326.7
timed,Hunter,Marksmanship,DPS,2026-06-29,8,8,191795,191966,203232,1.5,0.0,328.0
timed,Hunter,Marksmanship,DPS,2026-07-06,43,43,229730,208845,299151,0.79,48.8,330.6
timed,Hunter,Marksmanship,DPS,2026-07-13,83,82,288513,289880,375962,1.63,15.7,332.1
timed,Hunter,Marksmanship,DPS,2026-07-20,208,206,297241,296451,387686,1.5,32.2,332.6
timed,Hunter,Marksmanship,DPS,2026-07-27,181,179,295507,293552,392314,1.18,35.4,331.9
timed,Hunter,Survival,DPS,2026-06-29,11,11,243678,248741,276181,0.64,54.5,326.8
timed,Hunter,Survival,DPS,2026-07-06,43,43,220244,222515,297943,1.4,18.6,329.0
timed,Hunter,Survival,DPS,2026-07-13,51,51,237931,235062,301456,1.25,31.4,329.9
timed,Hunter,Survival,DPS,2026-07-20,22,22,228534,237453,318328,1.14,36.4,331.0
timed,Hunter,Survival,DPS,2026-07-27,14,14,259314,247834,368085,1.0,42.9,331.2
timed,Mage,Arcane,DPS,2026-06-29,103,101,255936,246106,326402,1.59,31.1,325.7
timed,Mage,Arcane,DPS,2026-07-06,359,347,257839,258065,336030,1.18,34.3,329.8
timed,Mage,Arcane,DPS,2026-07-13,366,349,276257,270148,369064,1.08,34.7,332.0
timed,Mage,Arcane,DPS,2026-07-20,238,237,249202,243706,318774,1.28,32.8,331.5
timed,Mage,Arcane,DPS,2026-07-27,338,333,278871,277588,382965,1.21,32.5,330.7
timed,Mage,Fire,DPS,2026-07-06,50,50,261712,263682,341437,0.3,84.0,331.4
timed,Mage,Fire,DPS,2026-07-13,18,18,251131,257327,298426,0.56,72.2,330.4
timed,Mage,Fire,DPS,2026-07-20,9,9,208527,182886,292203,1.22,11.1,329.7
timed,Mage,Fire,DPS,2026-07-27,10,10,290950,278328,367546,0.2,80.0,334.0
timed,Mage,Frost,DPS,2026-06-29,1,1,211677,211677,211677,0.0,100.0,315.0
timed,Mage,Frost,DPS,2026-07-06,5,5,199854,202834,219045,1.8,20.0,327.6
timed,Mage,Frost,DPS,2026-07-13,12,11,184480,180956,218327,1.92,16.7,323.2
timed,Mage,Frost,DPS,2026-07-20,28,28,246332,215198,362083,0.64,46.4,328.9
timed,Mage,Frost,DPS,2026-07-27,7,7,206418,199513,274828,1.86,28.6,328.4
timed,Monk,Brewmaster,Tank,2026-06-29,8,8,112072,108807,131809,0.38,62.5,324.8
timed,Monk,Brewmaster,Tank,2026-07-06,32,32,110694,95254,162800,0.38,68.8,325.5
timed,Monk,Brewmaster,Tank,2026-07-13,17,17,123855,111347,180116,0.76,58.8,326.4
timed,Monk,Brewmaster,Tank,2026-07-20,19,19,137195,137375,168539,0.47,57.9,331.3
timed,Monk,Brewmaster,Tank,2026-07-27,17,17,142565,136821,178819,0.24,82.4,330.9
timed,Monk,Mistweaver,Healer,2026-06-29,71,71,57587,59494,75969,1.14,28.2,325.4
timed,Monk,Mistweaver,Healer,2026-07-06,221,221,67742,65881,86536,0.78,48.4,331.8
timed,Monk,Mistweaver,Healer,2026-07-13,246,246,71960,72048,92310,0.71,51.2,331.7
timed,Monk,Mistweaver,Healer,2026-07-20,229,229,71410,70298,90258,0.89,45.9,332.2
timed,Monk,Mistweaver,Healer,2026-07-27,82,82,55553,57342,70116,1.01,37.8,329.2
timed,Monk,Windwalker,DPS,2026-06-29,3,3,216934,206650,231648,1.67,0.0,328.0
timed,Monk,Windwalker,DPS,2026-07-06,33,33,212153,217870,267683,1.27,24.2,328.5
timed,Monk,Windwalker,DPS,2026-07-13,10,10,247335,254962,346223,1.3,50.0,331.4
timed,Monk,Windwalker,DPS,2026-07-20,28,28,278498,273652,375482,0.89,39.3,331.7
timed,Monk,Windwalker,DPS,2026-07-27,65,65,306514,317810,395866,1.28,30.8,332.6
timed,Paladin,Holy,Healer,2026-06-29,12,12,21304,20798,28168,1.0,33.3,323.7
timed,Paladin,Holy,Healer,2026-07-06,83,83,37810,31192,65431,1.05,39.8,330.1
timed,Paladin,Holy,Healer,2026-07-13,81,81,35397,33342,55939,0.89,34.6,331.0
timed,Paladin,Holy,Healer,2026-07-20,96,96,39003,34647,66410,0.89,51.0,331.2
timed,Paladin,Holy,Healer,2026-07-27,299,299,44014,40309,68282,0.86,42.8,332.1
timed,Paladin,Protection,Tank,2026-06-29,102,102,150514,150768,198333,0.44,68.6,325.2
timed,Paladin,Protection,Tank,2026-07-06,423,423,171346,161453,255284,0.5,64.5,330.5
timed,Paladin,Protection,Tank,2026-07-13,434,434,176852,172604,246469,0.35,71.0,332.1
timed,Paladin,Protection,Tank,2026-07-20,272,272,149870,146404,201510,0.27,75.7,330.8
timed,Paladin,Protection,Tank,2026-07-27,221,221,155967,158318,203982,0.25,79.6,332.0
timed,Paladin,Retribution,DPS,2026-06-29,24,24,216220,213078,261290,1.08,29.2,325.3
timed,Paladin,Retribution,DPS,2026-07-06,82,81,213639,217778,285700,1.29,31.7,329.4
timed,Paladin,Retribution,DPS,2026-07-13,50,50,230145,227544,327121,1.06,38.0,329.3
timed,Paladin,Retribution,DPS,2026-07-20,52,52,250525,238454,333162,1.56,26.9,331.0
timed,Paladin,Retribution,DPS,2026-07-27,68,68,251116,241766,355349,1.54,23.5,330.2
timed,Priest,Discipline,Healer,2026-06-29,36,36,48926,44386,74743,1.06,47.2,325.8
timed,Priest,Discipline,Healer,2026-07-06,143,143,43530,34441,81865,1.24,39.2,327.8
timed,Priest,Discipline,Healer,2026-07-13,88,88,40845,32763,77939,1.05,33.0,330.8
timed,Priest,Discipline,Healer,2026-07-20,66,66,40757,32796,73122,0.97,37.9,329.5
timed,Priest,Discipline,Healer,2026-07-27,72,72,45693,32435,81522,1.12,40.3,331.3
timed,Priest,Holy,Healer,2026-06-29,2,2,11891,11891,13213,0.0,100.0,321.5
timed,Priest,Holy,Healer,2026-07-06,24,24,18529,18746,26208,0.75,54.2,328.4
timed,Priest,Holy,Healer,2026-07-13,17,17,23128,22018,33985,0.65,58.8,329.4
timed,Priest,Holy,Healer,2026-07-20,18,18,31556,29796,46750,0.5,66.7,328.2
timed,Priest,Holy,Healer,2026-07-27,9,9,31300,35786,46290,2.0,44.4,331.1
timed,Priest,Shadow,DPS,2026-06-29,14,14,202016,194900,251608,2.29,21.4,321.5
timed,Priest,Shadow,DPS,2026-07-06,79,79,263968,270666,331942,1.19,35.4,330.9
timed,Priest,Shadow,DPS,2026-07-13,97,97,271476,272071,345454,1.58,16.5,332.0
timed,Priest,Shadow,DPS,2026-07-20,38,38,232164,233616,273500,1.92,21.1,329.9
timed,Priest,Shadow,DPS,2026-07-27,64,64,293819,298508,381407,0.86,46.9,332.0
timed,Rogue,Assassination,DPS,2026-06-29,2,2,179362,179362,185935,3.0,0.0,321.5
timed,Rogue,Assassination,DPS,2026-07-06,14,14,201223,203742,271096,1.43,35.7,328.6
timed,Rogue,Assassination,DPS,2026-07-13,10,10,220674,229634,265476,1.0,30.0,330.1
timed,Rogue,Assassination,DPS,2026-07-20,12,12,247198,258666,295849,1.33,41.7,332.1
timed,Rogue,Assassination,DPS,2026-07-27,18,18,276475,279652,366189,1.22,38.9,328.9
timed,Rogue,Outlaw,DPS,2026-06-29,6,6,199668,204764,205102,1.5,0.0,325.8
timed,Rogue,Outlaw,DPS,2026-07-06,28,28,221781,208796,270959,1.21,46.4,328.2
timed,Rogue,Outlaw,DPS,2026-07-13,39,39,269371,281500,333971,0.95,35.9,332.3
timed,Rogue,Outlaw,DPS,2026-07-20,26,25,254961,263279,329634,2.08,19.2,332.0
timed,Rogue,Outlaw,DPS,2026-07-27,74,73,283614,279360,376256,0.73,45.9,331.1
timed,Rogue,Subtlety,DPS,2026-06-29,10,10,199615,205876,208170,4.3,10.0,326.7
timed,Rogue,Subtlety,DPS,2026-07-06,5,5,183047,201510,228762,1.4,40.0,331.4
timed,Rogue,Subtlety,DPS,2026-07-13,1,1,175782,175782,175782,1.0,0.0,334.0
timed,Rogue,Subtlety,DPS,2026-07-20,4,4,229446,232706,234516,1.25,0.0,334.0
timed,Rogue,Subtlety,DPS,2026-07-27,7,7,230856,207795,287766,2.0,14.3,328.4
timed,Shaman,Elemental,DPS,2026-06-29,20,20,256424,246083,359695,1.5,5.0,326.0
timed,Shaman,Elemental,DPS,2026-07-06,128,128,264475,272196,365806,1.46,26.6,330.6
timed,Shaman,Elemental,DPS,2026-07-13,136,134,284434,284057,371946,1.46,26.5,332.2
timed,Shaman,Elemental,DPS,2026-07-20,129,129,283583,283647,364338,1.26,32.6,331.2
timed,Shaman,Elemental,DPS,2026-07-27,208,207,294834,294850,382541,1.18,36.1,332.1
timed,Shaman,Enhancement,DPS,2026-06-29,17,17,195725,204267,233393,2.35,11.8,322.6
timed,Shaman,Enhancement,DPS,2026-07-06,95,95,255035,245568,370446,1.39,37.9,331.5
timed,Shaman,Enhancement,DPS,2026-07-13,94,94,231318,220978,313254,1.18,37.2,329.6
timed,Shaman,Enhancement,DPS,2026-07-20,41,41,244092,228127,337892,1.37,22.0,328.0
timed,Shaman,Enhancement,DPS,2026-07-27,35,35,266959,283720,380516,1.46,8.6,329.2
timed,Shaman,Restoration,Healer,2026-06-29,23,23,26005,24352,35543,0.91,43.5,324.0
timed,Shaman,Restoration,Healer,2026-07-06,109,109,41846,41615,57961,0.59,57.8,328.9
timed,Shaman,Restoration,Healer,2026-07-13,88,88,42770,46130,56064,0.84,42.0,332.3
timed,Shaman,Restoration,Healer,2026-07-20,119,119,41083,41720,55417,0.96,46.2,331.6
timed,Shaman,Restoration,Healer,2026-07-27,168,168,42409,44026,59975,0.75,49.4,330.8
timed,Warlock,Affliction,DPS,2026-06-29,14,14,263640,270158,355790,1.5,7.1,323.4
timed,Warlock,Affliction,DPS,2026-07-06,116,116,273724,270547,338870,1.2,35.3,328.7
timed,Warlock,Affliction,DPS,2026-07-13,48,48,270008,260768,330912,0.98,41.7,331.0
timed,Warlock,Affliction,DPS,2026-07-20,52,52,262527,264950,346148,1.15,42.3,331.2
timed,Warlock,Affliction,DPS,2026-07-27,34,32,278390,273680,367613,1.21,26.5,330.9
timed,Warlock,Demonology,DPS,2026-06-29,5,5,219313,213436,291615,3.4,0.0,322.8
timed,Warlock,Demonology,DPS,2026-07-06,26,26,245648,251837,308937,0.81,57.7,328.0
timed,Warlock,Demonology,DPS,2026-07-13,28,28,256720,242600,307587,0.82,60.7,331.2
timed,Warlock,Demonology,DPS,2026-07-20,34,34,256430,249412,308753,1.09,20.6,333.6
timed,Warlock,Demonology,DPS,2026-07-27,19,18,268132,279682,322279,1.26,21.1,331.9
timed,Warlock,Destruction,DPS,2026-07-06,29,29,246501,232832,326192,0.72,51.7,332.7
timed,Warlock,Destruction,DPS,2026-07-13,19,19,280972,291999,366604,1.42,5.3,334.0
timed,Warlock,Destruction,DPS,2026-07-20,33,33,252998,238339,329178,1.76,18.2,331.6
timed,Warlock,Destruction,DPS,2026-07-27,20,20,238209,232404,299051,1.1,35.0,329.4
timed,Warrior,Arms,DPS,2026-06-29,31,31,242824,248158,307940,1.39,32.3,327.2
timed,Warrior,Arms,DPS,2026-07-06,146,146,270014,259855,374271,1.03,34.9,331.4
timed,Warrior,Arms,DPS,2026-07-13,210,210,289034,276942,399191,1.06,36.7,332.3
timed,Warrior,Arms,DPS,2026-07-20,197,197,285414,294118,374620,1.42,27.9,331.7
timed,Warrior,Arms,DPS,2026-07-27,319,313,287196,290569,363722,1.55,23.2,332.0
timed,Warrior,Fury,DPS,2026-06-29,9,9,211757,221059,237431,2.67,0.0,325.1
timed,Warrior,Fury,DPS,2026-07-06,17,17,209961,230570,252711,1.71,29.4,329.5
timed,Warrior,Fury,DPS,2026-07-13,12,12,203602,204247,235735,1.17,33.3,328.6
timed,Warrior,Fury,DPS,2026-07-20,15,15,230423,193664,316190,1.53,33.3,327.1
timed,Warrior,Fury,DPS,2026-07-27,5,5,207161,206300,209685,2.0,40.0,328.8
timed,Warrior,Protection,Tank,2026-06-29,21,21,118779,117382,146617,0.29,71.4,326.8
timed,Warrior,Protection,Tank,2026-07-06,39,39,134188,142121,172155,0.38,69.2,331.7
timed,Warrior,Protection,Tank,2026-07-13,31,31,133384,127834,199587,0.55,64.5,329.4
timed,Warrior,Protection,Tank,2026-07-20,28,28,141884,148478,189118,0.11,89.3,329.7
timed,Warrior,Protection,Tank,2026-07-27,36,36,167224,156730,228951,0.42,66.7,330.4
