subset,class,spec,hero_talent,role,parses,runs,characters,avg_dps,median_dps,p90_dps,avg_deaths,deathless_pct,avg_item_level
all,DeathKnight,Blood,Deathbringer,Tank,547,547,207,140368,135959,200530,0.83,61.8,329.4
all,DeathKnight,Blood,San'layn,Tank,975,975,358,176791,171598,249721,0.74,57.8,331.1
all,DeathKnight,Blood,Unknown,Tank,89,89,41,192801,181266,283015,0.45,71.9,331.6
all,DeathKnight,Frost,Deathbringer,DPS,593,587,245,251228,250524,338148,1.76,30.7,328.7
all,DeathKnight,Frost,Rider of the Apocalypse,DPS,299,274,132,264695,254682,359073,2.0,24.7,327.3
all,DeathKnight,Frost,Unknown,DPS,100,94,62,271181,271917,349686,1.63,24.0,329.4
all,DeathKnight,Unholy,Rider of the Apocalypse,DPS,327,322,160,216726,204557,316851,2.4,32.1,325.4
all,DeathKnight,Unholy,San'layn,DPS,267,266,123,269907,271258,358084,1.75,25.8,331.9
all,DeathKnight,Unholy,Unknown,DPS,58,57,37,249185,250321,340618,1.26,32.8,328.3
all,DemonHunter,Devourer,Aldrachi Reaver,DPS,1,1,1,157559,157559,157559,2.0,0.0,321.0
all,DemonHunter,Devourer,Annihilator,DPS,846,834,295,266462,266962,366202,2.15,21.2,331.2
all,DemonHunter,Devourer,Unknown,DPS,85,83,58,265040,271515,356012,2.12,25.9,332.2
all,DemonHunter,Devourer,Void-Scarred,DPS,497,493,145,248298,240588,358483,2.45,16.1,329.9
all,DemonHunter,Havoc,Aldrachi Reaver,DPS,77,77,36,218938,217502,290443,1.9,15.6,329.7
all,DemonHunter,Havoc,Fel-Scarred,DPS,209,208,106,215121,204372,308427,2.5,19.1,326.1
all,DemonHunter,Havoc,Unknown,DPS,21,21,12,234476,242029,289824,2.0,19.0,328.4
all,DemonHunter,Vengeance,Aldrachi Reaver,Tank,16,16,9,138946,145998,180731,0.44,81.2,333.2
all,DemonHunter,Vengeance,Annihilator,Tank,459,459,171,129658,123493,189087,1.29,48.1,328.4
all,DemonHunter,Vengeance,Unknown,Tank,22,22,16,153467,142145,225449,0.73,45.5,340.7
all,Druid,Balance,Elune's Chosen,DPS,1130,1126,421,249069,245447,338549,2.39,19.6,331.2
all,Druid,Balance,Keeper of the Grove,DPS,11,11,8,189638,181061,328785,3.64,18.2,328.8
all,Druid,Balance,Unknown,DPS,105,104,66,268989,255631,362178,2.09,21.0,332.8
all,Druid,Feral,Druid of the Claw,DPS,143,143,62,235534,233648,315375,2.69,16.8,328.1
all,Druid,Feral,Unknown,DPS,31,31,7,249215,261045,311406,1.9,19.4,336.1
all,Druid,Feral,Wildstalker,DPS,6,6,4,196051,190385,246288,1.83,16.7,324.3
all,Druid,Guardian,Druid of the Claw,Tank,22,22,14,110915,108372,123420,1.41,50.0,329.0
all,Druid,Guardian,Elune's Chosen,Tank,230,230,108,115055,104746,176170,1.24,47.8,325.7
all,Druid,Guardian,Unknown,Tank,15,15,11,132852,133208,181821,1.27,46.7,331.9
all,Druid,Restoration,Keeper of the Grove,Healer,27,27,17,27772,19969,56412,2.52,14.8,326.4
all,Druid,Restoration,Unknown,Healer,15,15,11,12565,4756,27819,2.53,6.7,327.3
all,Druid,Restoration,Wildstalker,Healer,200,200,70,12084,8341,24795,2.65,13.5,327.8
all,Evoker,Augmentation,Chronowarden,DPS,169,169,39,175753,165463,247554,2.12,26.6,325.5
all,Evoker,Augmentation,Scalecommander,DPS,305,305,92,207006,201133,280667,2.51,19.3,324.4
all,Evoker,Augmentation,Unknown,DPS,49,49,10,211779,233790,270627,1.92,24.5,325.4
all,Evoker,Devastation,Flameshaper,DPS,96,96,26,205919,208152,269206,2.68,12.5,326.4
all,Evoker,Devastation,Scalecommander,DPS,113,109,34,223443,224101,317166,2.6,18.6,327.4
all,Evoker,Devastation,Unknown,DPS,5,5,5,209486,216632,268786,3.0,20.0,327.6
all,Evoker,Preservation,Chronowarden,Healer,39,39,25,36709,24339,83678,3.64,10.3,323.0
all,Evoker,Preservation,Flameshaper,Healer,444,444,141,61447,61759,92450,2.55,16.7,330.4
all,Evoker,Preservation,Unknown,Healer,37,37,21,65439,69776,94464,2.62,10.8,336.0
all,Hunter,BeastMastery,Dark Ranger,DPS,9,9,7,146277,144405,171830,4.33,33.3,319.8
all,Hunter,BeastMastery,Pack Leader,DPS,299,294,113,214670,207664,300242,2.86,17.7,326.1
all,Hunter,BeastMastery,Sentinel,DPS,1,1,1,159693,159693,159693,5.0,0.0,321.0
all,Hunter,BeastMastery,Unknown,DPS,29,29,18,226016,210795,289219,2.52,17.2,331.7
all,Hunter,Marksmanship,Dark Ranger,DPS,98,98,36,259700,271198,368870,2.27,26.5,331.3
all,Hunter,Marksmanship,Sentinel,DPS,787,782,246,272353,274148,374422,2.27,18.9,331.9
all,Hunter,Marksmanship,Unknown,DPS,56,54,36,297849,282896,404576,2.18,25.0,333.3
all,Hunter,Survival,Pack Leader,DPS,160,160,56,208752,211698,276182,2.51,18.8,326.7
all,Hunter,Survival,Sentinel,DPS,109,108,40,242075,229473,343718,2.52,20.2,330.2
all,Hunter,Survival,Unknown,DPS,14,14,7,254662,251933,310816,1.07,35.7,332.2
all,Mage,Arcane,Spellslinger,DPS,2016,1961,680,249105,244185,336182,2.14,23.1,330.0
all,Mage,Arcane,Sunfury,DPS,692,678,304,275952,274826,382222,2.19,18.5,330.2
all,Mage,Arcane,Unknown,DPS,175,174,94,276571,270407,366592,1.93,24.6,331.8
all,Mage,Fire,Frostfire,DPS,2,2,2,194741,194741,225687,2.5,0.0,327.5
all,Mage,Fire,Sunfury,DPS,146,146,51,242554,236290,334780,1.64,43.8,330.8
all,Mage,Fire,Unknown,DPS,4,4,2,197294,165658,254239,3.0,25.0,329.5
all,Mage,Frost,Frostfire,DPS,61,61,25,217273,206318,298852,1.93,24.6,326.7
all,Mage,Frost,Spellslinger,DPS,68,67,44,183189,173647,236724,3.63,11.8,322.5
all,Mage,Frost,Unknown,DPS,8,8,5,240830,255232,315235,2.75,12.5,329.1
all,Monk,Brewmaster,Master of Harmony,Tank,192,192,73,126527,127402,168896,1.4,38.5,326.7
all,Monk,Brewmaster,Shado-Pan,Tank,86,86,39,111717,102962,160429,1.42,41.9,324.2
all,Monk,Brewmaster,Unknown,Tank,19,19,11,120381,98267,178819,0.95,47.4,333.9
all,Monk,Mistweaver,Conduit of the Celestials,Healer,1389,1389,363,63834,62442,84877,1.67,32.3,329.8
all,Monk,Mistweaver,Master of Harmony,Healer,44,44,21,55458,51905,77463,1.75,20.5,326.4
all,Monk,Mistweaver,Unknown,Healer,111,111,58,66790,64240,86555,1.35,35.1,330.3
all,Monk,Windwalker,Conduit of the Celestials,DPS,262,262,77,285965,282270,382453,2.44,17.6,332.2
all,Monk,Windwalker,Shado-Pan,DPS,133,133,61,224546,217870,311897,2.77,14.3,328.0
all,Monk,Windwalker,Unknown,DPS,35,35,14,308760,295285,398567,2.0,25.7,333.5
all,Paladin,Holy,Herald of the Sun,Healer,690,690,250,25659,24512,38453,1.85,26.2,330.0
all,Paladin,Holy,Lightsmith,Healer,534,534,180,51118,50660,70436,1.6,28.3,331.9
all,Paladin,Holy,Unknown,Healer,100,100,59,42463,40049,71132,1.5,24.0,332.7
all,Paladin,Protection,Lightsmith,Tank,2497,2497,695,156105,151482,218953,0.9,54.6,330.1
all,Paladin,Protection,Templar,Tank,64,64,20,117677,122372,160100,1.39,37.5,327.6
all,Paladin,Protection,Unknown,Tank,212,212,90,157437,152202,207480,0.82,55.7,331.0
all,Paladin,Retribution,Herald of the Sun,DPS,387,386,163,238736,233554,326002,2.26,18.3,329.6
all,Paladin,Retribution,Templar,DPS,228,227,138,184581,181863,245571,2.82,18.9,324.4
all,Paladin,Retribution,Unknown,DPS,65,64,33,240152,221961,327337,2.11,15.4,334.6
all,Priest,Discipline,Oracle,Healer,489,489,194,29701,28546,39305,2.12,25.6,327.9
all,Priest,Discipline,Unknown,Healer,51,51,28,34803,33445,54593,2.71,11.8,329.1
all,Priest,Discipline,Voidweaver,Healer,255,255,67,63601,64175,86517,2.6,21.6,328.9
all,Priest,Holy,Archon,Healer,37,37,20,16370,17966,23798,2.41,35.1,328.3
all,Priest,Holy,Oracle,Healer,136,136,59,26032,24725,42520,1.39,39.0,328.7
all,Priest,Holy,Unknown,Healer,12,12,9,26416,19835,43634,1.33,50.0,330.2
all,Priest,Shadow,Archon,DPS,446,445,171,242774,237243,330356,2.31,20.6,329.7
all,Priest,Shadow,Unknown,DPS,34,34,16,245306,237960,326198,2.76,14.7,334.8
all,Priest,Shadow,Voidweaver,DPS,98,98,49,237266,237048,314518,2.46,19.4,330.2
all,Rogue,Assassination,Deathstalker,DPS,48,48,29,247393,240050,332998,2.9,20.8,331.5
all,Rogue,Assassination,Fatebound,DPS,130,130,64,230309,230718,324845,2.55,20.8,328.3
all,Rogue,Assassination,Unknown,DPS,8,8,6,258081,262850,337533,2.5,25.0,328.0
all,Rogue,Outlaw,Fatebound,DPS,11,11,5,180659,199392,261622,2.18,0.0,325.3
all,Rogue,Outlaw,Trickster,DPS,313,309,92,254664,250589,356966,2.17,23.3,331.2
all,Rogue,Outlaw,Unknown,DPS,15,15,8,237099,234611,294061,1.67,26.7,332.3
all,Rogue,Subtlety,Deathstalker,DPS,28,28,15,215570,217113,281977,2.82,14.3,328.5
all,Rogue,Subtlety,Trickster,DPS,60,60,34,191425,203690,245755,2.87,20.0,324.8
all,Rogue,Subtlety,Unknown,DPS,2,2,2,131682,131682,144549,3.0,0.0,328.0
all,Shaman,Elemental,Farseer,DPS,1159,1153,389,272734,268700,365806,2.33,20.8,331.1
all,Shaman,Elemental,Stormbringer,DPS,44,44,28,161506,161182,202232,3.11,6.8,321.1
all,Shaman,Elemental,Unknown,DPS,86,86,45,293097,294754,388204,1.83,29.1,332.3
all,Shaman,Enhancement,Stormbringer,DPS,483,483,151,233271,229090,310817,2.65,21.1,328.2
all,Shaman,Enhancement,Totemic,DPS,20,20,11,217076,211608,316767,4.55,5.0,329.9
all,Shaman,Enhancement,Unknown,DPS,38,38,16,246028,242135,311823,2.34,7.9,328.1
all,Shaman,Restoration,Farseer,Healer,144,144,46,37154,37642,53399,2.44,20.8,332.3
all,Shaman,Restoration,Totemic,Healer,982,982,332,37588,37882,55331,1.67,31.3,329.1
all,Shaman,Restoration,Unknown,Healer,77,77,39,41216,42628,60619,1.3,36.4,333.0
all,Warlock,Affliction,Hellcaller,DPS,9,9,7,255278,272027,280898,2.56,11.1,331.2
all,Warlock,Affliction,Soul Harvester,DPS,580,576,196,252039,250622,338607,2.31,22.4,327.6
all,Warlock,Affliction,Unknown,DPS,24,24,20,242136,254210,331202,2.62,8.3,326.9
all,Warlock,Demonology,Diabolist,DPS,235,234,94,232186,234114,310092,2.5,21.7,328.0
all,Warlock,Demonology,Soul Harvester,DPS,4,4,2,226044,225345,250303,2.75,25.0,334.0
all,Warlock,Demonology,Unknown,DPS,9,9,7,212312,238561,286758,3.78,44.4,327.7
all,Warlock,Destruction,Diabolist,DPS,191,191,100,249503,238915,343618,2.18,16.8,331.7
all,Warlock,Destruction,Hellcaller,DPS,28,28,15,238109,225530,311461,2.21,25.0,329.9
all,Warlock,Destruction,Unknown,DPS,8,8,6,310720,323696,367486,1.62,25.0,334.0
all,Warrior,Arms,Colossus,DPS,562,560,191,262938,253088,372455,1.99,26.5,330.2
all,Warrior,Arms,Slayer,DPS,1070,1051,391,276581,277734,366810,2.57,16.3,332.3
all,Warrior,Arms,Unknown,DPS,128,127,69,307966,305211,414435,2.0,16.4,333.1
all,Warrior,Fury,Mountain Thane,DPS,73,72,41,208357,208267,252737,2.68,21.9,327.7
all,Warrior,Fury,Slayer,DPS,80,80,39,201589,201190,254952,3.0,3.8,326.3
all,Warrior,Fury,Unknown,DPS,13,13,8,251878,245102,314341,2.0,15.4,340.2
all,Warrior,Protection,Colossus,Tank,65,65,27,140082,137565,189118,1.08,49.2,329.9
all,Warrior,Protection,Mountain Thane,Tank,257,257,91,130814,123226,185947,1.11,52.9,328.5
all,Warrior,Protection,Unknown,Tank,45,45,17,132160,120738,181431,0.51,62.2,329.0
timed,DeathKnight,Blood,Deathbringer,Tank,248,248,114,153492,152846,210850,0.13,88.3,331.7
timed,DeathKnight,Blood,San'layn,Tank,563,563,242,180552,176909,244853,0.29,76.0,331.2
timed,DeathKnight,Blood,Unknown,Tank,59,59,28,200891,197704,290325,0.17,83.1,332.1
timed,DeathKnight,Frost,Deathbringer,DPS,187,187,94,263135,255892,355982,0.66,54.0,331.9
timed,DeathKnight,Frost,Rider of the Apocalypse,DPS,30,30,20,259084,239384,336270,0.73,53.3,332.3
timed,DeathKnight,Frost,Unknown,DPS,25,25,17,279099,282664,376133,0.72,48.0,334.0
timed,DeathKnight,Unholy,Rider of the Apocalypse,DPS,67,67,40,229373,209679,341698,0.75,52.2,329.9
timed,DeathKnight,Unholy,San'layn,DPS,138,137,76,271495,273286,353284,0.87,42.8,332.0
timed,DeathKnight,Unholy,Unknown,DPS,23,22,16,262551,251610,343225,0.43,69.6,330.0
timed,DemonHunter,Devourer,Aldrachi Reaver,DPS,1,1,1,157559,157559,157559,2.0,0.0,321.0
timed,DemonHunter,Devourer,Annihilator,DPS,471,466,182,284182,281484,376316,1.22,31.8,332.4
timed,DemonHunter,Devourer,Unknown,DPS,38,38,27,300901,285678,386444,1.18,42.1,333.1
timed,DemonHunter,Devourer,Void-Scarred,DPS,246,246,68,278809,277974,360120,1.58,25.2,331.8
timed,DemonHunter,Havoc,Aldrachi Reaver,DPS,37,37,20,225248,228562,265639,1.32,24.3,330.8
timed,DemonHunter,Havoc,Fel-Scarred,DPS,58,58,37,240469,219198,343838,1.22,37.9,327.0
timed,DemonHunter,Havoc,Unknown,DPS,6,6,5,247865,251912,289824,0.33,66.7,334.0
timed,DemonHunter,Vengeance,Aldrachi Reaver,Tank,13,13,8,141480,154756,180973,0.0,100.0,333.0
timed,DemonHunter,Vengeance,Annihilator,Tank,179,179,83,145824,144698,201140,0.36,72.6,330.4
timed,DemonHunter,Vengeance,Unknown,Tank,7,7,6,150747,136893,191540,0.71,42.9,334.0
timed,Druid,Balance,Elune's Chosen,DPS,617,616,273,261465,258270,343642,1.26,30.8,331.4
timed,Druid,Balance,Keeper of the Grove,DPS,2,2,2,328790,328790,328793,0.0,100.0,334.0
timed,Druid,Balance,Unknown,DPS,61,60,42,284218,275479,368582,1.18,34.4,333.1
timed,Druid,Feral,Druid of the Claw,DPS,46,46,24,246472,242161,343477,1.11,34.8,330.9
timed,Druid,Feral,Unknown,DPS,14,14,3,266077,268157,323975,1.21,28.6,333.1
timed,Druid,Feral,Wildstalker,DPS,3,3,2,202507,198700,248591,2.67,0.0,325.3
timed,Druid,Guardian,Druid of the Claw,Tank,13,13,7,110914,106802,122429,0.23,76.9,329.0
timed,Druid,Guardian,Elune's Chosen,Tank,85,85,41,136485,138190,191635,0.34,72.9,330.2
timed,Druid,Guardian,Unknown,Tank,9,9,7,145079,135405,194930,0.33,66.7,334.0
timed,Druid,Restoration,Keeper of the Grove,Healer,8,8,6,28042,13304,67002,1.75,12.5,330.8
timed,Druid,Restoration,Unknown,Healer,3,3,3,17422,17364,27590,2.33,0.0,334.0
timed,Druid,Restoration,Wildstalker,Healer,69,69,26,11596,8354,23750,1.1,23.2,329.3
timed,Evoker,Augmentation,Chronowarden,DPS,70,70,18,201616,194660,257930,0.76,54.3,327.6
timed,Evoker,Augmentation,Scalecommander,DPS,45,45,21,212895,200054,304960,1.11,35.6,326.9
timed,Evoker,Augmentation,Unknown,DPS,1,1,1,265273,265273,265273,1.0,0.0,334.0
timed,Evoker,Devastation,Flameshaper,DPS,29,29,8,226956,235567,290966,1.17,31.0,327.7
timed,Evoker,Devastation,Scalecommander,DPS,48,46,21,254055,253456,323504,1.17,33.3,330.2
timed,Evoker,Devastation,Unknown,DPS,1,1,1,273590,273590,273590,5.0,0.0,334.0
timed,Evoker,Preservation,Chronowarden,Healer,10,10,7,61061,51480,95716,1.3,40.0,331.4
timed,Evoker,Preservation,Flameshaper,Healer,214,214,87,66846,68918,92155,1.34,29.0,331.9
timed,Evoker,Preservation,Unknown,Healer,13,13,8,80459,82493,92231,1.08,15.4,334.0
timed,Hunter,BeastMastery,Pack Leader,DPS,69,69,29,253112,269068,356206,1.35,34.8,331.0
timed,Hunter,BeastMastery,Unknown,DPS,8,8,5,262179,238696,352259,1.25,37.5,330.8
timed,Hunter,Marksmanship,Dark Ranger,DPS,47,47,19,289563,295504,378216,0.89,42.6,332.3
timed,Hunter,Marksmanship,Sentinel,DPS,456,453,167,288638,288784,381906,1.44,29.2,332.1
timed,Hunter,Marksmanship,Unknown,DPS,31,30,22,329987,340399,408635,0.9,38.7,333.6
timed,Hunter,Survival,Pack Leader,DPS,38,38,19,219822,231504,258962,1.47,26.3,330.2
timed,Hunter,Survival,Sentinel,DPS,61,61,23,250501,231751,349678,1.11,36.1,330.6
timed,Hunter,Survival,Unknown,DPS,9,9,6,246567,244482,270887,1.0,33.3,332.6
timed,Mage,Arcane,Spellslinger,DPS,965,945,409,264142,260048,357179,1.13,35.0,331.3
timed,Mage,Arcane,Sunfury,DPS,394,388,193,300109,299236,406368,1.2,28.7,331.6
timed,Mage,Arcane,Unknown,DPS,78,78,44,302356,290817,417346,1.13,37.2,333.5
timed,Mage,Fire,Frostfire,DPS,1,1,1,233423,233423,233423,1.0,0.0,321.0
timed,Mage,Fire,Sunfury,DPS,62,62,31,253895,254252,353600,0.65,62.9,331.1
timed,Mage,Frost,Frostfire,DPS,29,29,10,226201,208784,299265,0.86,37.9,328.2
timed,Mage,Frost,Spellslinger,DPS,22,21,17,210933,183402,362381,1.68,27.3,325.7
timed,Mage,Frost,Unknown,DPS,2,2,2,234766,234766,266817,1.5,50.0,327.5
timed,Monk,Brewmaster,Master of Harmony,Tank,44,44,27,134085,135165,180116,0.48,68.2,329.6
timed,Monk,Brewmaster,Shado-Pan,Tank,25,25,10,124429,115538,178808,0.44,68.0,328.8
timed,Monk,Brewmaster,Unknown,Tank,4,4,3,155146,170772,178819,0.0,100.0,330.8
timed,Monk,Mistweaver,Conduit of the Celestials,Healer,623,623,214,68198,68373,88188,0.84,46.2,331.6
timed,Monk,Mistweaver,Master of Harmony,Healer,13,13,8,69285,67352,92702,0.54,61.5,331.0
timed,Monk,Mistweaver,Unknown,Healer,42,42,30,76226,69170,86555,0.52,57.1,333.4
timed,Monk,Windwalker,Conduit of the Celestials,DPS,134,134,53,297937,309105,388598,1.25,32.8,332.4
timed,Monk,Windwalker,Shado-Pan,DPS,47,47,28,235350,234705,296375,1.4,23.4,330.1
timed,Monk,Windwalker,Unknown,DPS,14,14,7,330418,337812,419686,0.86,50.0,334.0
timed,Paladin,Holy,Herald of the Sun,Healer,319,319,136,27589,26872,42347,0.95,41.1,330.7
timed,Paladin,Holy,Lightsmith,Healer,319,319,132,52447,52097,71223,0.93,38.6,332.9
timed,Paladin,Holy,Unknown,Healer,57,57,39,45414,45219,72513,0.96,31.6,333.1
timed,Paladin,Protection,Lightsmith,Tank,1139,1139,402,165611,159657,235199,0.33,73.0,331.7
timed,Paladin,Protection,Templar,Tank,31,31,9,126161,124554,160909,0.48,61.3,329.0
timed,Paladin,Protection,Unknown,Tank,86,86,45,167684,163270,218806,0.35,73.3,333.2
timed,Paladin,Retribution,Herald of the Sun,DPS,155,155,85,257045,248148,349103,1.32,32.3,331.5
timed,Paladin,Retribution,Templar,DPS,56,56,42,180929,179499,241766,1.45,25.0,326.3
timed,Paladin,Retribution,Unknown,DPS,18,18,13,250604,220662,355371,1.39,16.7,330.4
timed,Priest,Discipline,Oracle,Healer,196,196,98,28863,29177,36482,1.09,35.7,330.0
timed,Priest,Discipline,Unknown,Healer,19,19,12,34147,33445,47659,1.53,21.1,331.9
timed,Priest,Discipline,Voidweaver,Healer,105,105,33,71321,76952,91723,1.0,36.2,330.9
timed,Priest,Holy,Archon,Healer,10,10,7,17013,14876,23594,0.2,80.0,331.4
timed,Priest,Holy,Oracle,Healer,55,55,29,29362,29507,45316,1.02,49.1,329.0
timed,Priest,Holy,Unknown,Healer,7,7,6,32107,30121,45844,0.57,71.4,332.1
timed,Priest,Shadow,Archon,DPS,227,227,99,267372,268825,349410,1.34,30.4,331.3
timed,Priest,Shadow,Unknown,DPS,16,16,9,266891,262492,332011,1.31,31.2,333.2
timed,Priest,Shadow,Voidweaver,DPS,51,51,25,255133,247655,319164,1.33,21.6,332.2
timed,Rogue,Assassination,Deathstalker,DPS,20,20,14,285077,291640,344052,1.25,45.0,332.9
timed,Rogue,Assassination,Fatebound,DPS,43,43,25,250567,259006,353513,1.05,41.9,330.1
timed,Rogue,Assassination,Unknown,DPS,4,4,3,283736,296536,341252,1.0,50.0,328.2
timed,Rogue,Outlaw,Fatebound,DPS,7,7,3,181012,199392,261622,1.86,0.0,324.7
timed,Rogue,Outlaw,Trickster,DPS,167,164,58,273484,268934,365576,1.06,38.3,331.8
timed,Rogue,Outlaw,Unknown,DPS,9,9,6,271526,258517,317704,0.89,44.4,332.6
timed,Rogue,Subtlety,Deathstalker,DPS,7,7,4,275315,273515,335391,1.43,42.9,334.0
timed,Rogue,Subtlety,Trickster,DPS,13,13,10,190225,190866,234277,1.23,30.8,328.0
timed,Shaman,Elemental,Farseer,DPS,614,609,235,287613,285031,376618,1.3,31.8,332.0
timed,Shaman,Elemental,Stormbringer,DPS,9,9,5,179835,166009,256821,1.78,22.2,323.9
timed,Shaman,Elemental,Unknown,DPS,44,44,28,304128,300560,412433,1.39,29.5,333.4
timed,Shaman,Enhancement,Stormbringer,DPS,217,217,85,249943,237555,347288,1.26,32.3,329.9
timed,Shaman,Enhancement,Totemic,DPS,4,4,3,222646,230678,231524,3.5,0.0,334.0
timed,Shaman,Enhancement,Unknown,DPS,18,18,10,262894,256664,311823,1.89,16.7,332.6
timed,Shaman,Restoration,Farseer,Healer,74,74,28,39108,41594,52490,1.12,36.5,333.1
timed,Shaman,Restoration,Totemic,Healer,441,441,178,42094,44530,57494,0.81,46.5,331.0
timed,Shaman,Restoration,Unknown,Healer,38,38,23,46465,50793,61346,0.68,55.3,332.6
timed,Warlock,Affliction,Hellcaller,DPS,2,2,2,281646,281646,309254,1.0,50.0,334.0
timed,Warlock,Affliction,Soul Harvester,DPS,201,199,82,270135,267483,338647,1.07,37.3,330.5
timed,Warlock,Affliction,Unknown,DPS,9,9,8,267045,253110,342058,1.22,22.2,332.6
timed,Warlock,Demonology,Diabolist,DPS,102,101,48,251859,250123,314946,1.05,35.3,331.6
timed,Warlock,Demonology,Soul Harvester,DPS,2,2,1,249728,249728,250878,0.5,50.0,334.0
timed,Warlock,Demonology,Unknown,DPS,5,5,3,269038,265752,287839,0.4,80.0,334.0
timed,Warlock,Destruction,Diabolist,DPS,96,96,58,253769,237730,346681,1.38,24.0,331.2
timed,Warlock,Destruction,Hellcaller,DPS,5,5,3,284765,301343,342473,1.2,20.0,331.4
timed,Warlock,Destruction,Unknown,DPS,6,6,5,323522,333496,373133,1.17,33.3,334.0
timed,Warrior,Arms,Colossus,DPS,289,289,120,275410,261932,384625,1.01,38.4,331.1
timed,Warrior,Arms,Slayer,DPS,625,618,271,287862,290654,369377,1.56,23.4,332.4
timed,Warrior,Arms,Unknown,DPS,90,89,58,313347,314390,418211,1.54,17.8,333.1
timed,Warrior,Fury,Mountain Thane,DPS,17,17,13,231415,230570,312042,0.88,58.8,331.7
timed,Warrior,Fury,Slayer,DPS,18,18,11,203085,203048,249093,2.0,5.6,325.3
timed,Warrior,Fury,Unknown,DPS,3,3,3,225178,181168,291394,2.33,0.0,329.7
timed,Warrior,Protection,Colossus,Tank,24,24,11,144467,140030,189118,0.29,79.2,328.6
timed,Warrior,Protection,Mountain Thane,Tank,92,92,44,145428,140012,215829,0.35,73.9,330.4
timed,Warrior,Protection,Unknown,Tank,13,13,7,155829,158621,185134,0.23,76.9,333.0
post_tuning,DeathKnight,Blood,Deathbringer,Tank,128,128,62,166704,165070,244525,0.59,64.8,331.9
post_tuning,DeathKnight,Blood,San'layn,Tank,443,443,198,174883,170946,250003,0.77,57.6,331.5
post_tuning,DeathKnight,Blood,Unknown,Tank,33,33,17,205381,198204,321123,0.39,66.7,332.1
post_tuning,DeathKnight,Frost,Deathbringer,DPS,55,55,29,249131,238532,314502,1.8,23.6,330.9
post_tuning,DeathKnight,Frost,Rider of the Apocalypse,DPS,16,16,14,269214,281808,332513,1.06,37.5,330.8
post_tuning,DeathKnight,Frost,Unknown,DPS,7,7,5,262427,267023,355712,2.0,28.6,334.0
post_tuning,DeathKnight,Unholy,Rider of the Apocalypse,DPS,33,33,18,242193,248885,363837,2.42,33.3,327.6
post_tuning,DeathKnight,Unholy,San'layn,DPS,85,85,41,279229,276804,395295,1.76,29.4,331.6
post_tuning,DeathKnight,Unholy,Unknown,DPS,9,9,7,335560,344268,406568,0.89,33.3,334.0
post_tuning,DemonHunter,Devourer,Annihilator,DPS,189,182,85,271802,279046,355387,2.25,21.7,331.8
post_tuning,DemonHunter,Devourer,Unknown,DPS,13,13,10,262667,246138,319654,1.62,30.8,334.0
post_tuning,DemonHunter,Devourer,Void-Scarred,DPS,103,101,41,263185,259902,363366,2.62,20.4,331.0
post_tuning,DemonHunter,Havoc,Aldrachi Reaver,DPS,52,52,21,234445,238042,291167,1.88,13.5,331.8
post_tuning,DemonHunter,Havoc,Fel-Scarred,DPS,64,64,36,246339,236924,343843,1.64,25.0,327.9
post_tuning,DemonHunter,Havoc,Unknown,DPS,5,5,5,258039,215161,345057,0.8,40.0,334.0
post_tuning,DemonHunter,Vengeance,Aldrachi Reaver,Tank,4,4,4,151446,166947,178805,0.0,100.0,330.8
post_tuning,DemonHunter,Vengeance,Annihilator,Tank,91,91,38,136159,121726,199676,1.07,50.5,329.6
post_tuning,DemonHunter,Vengeance,Unknown,Tank,1,1,1,228557,228557,228557,0.0,100.0,334.0
post_tuning,Druid,Balance,Elune's Chosen,DPS,213,213,101,246032,242168,336709,2.23,20.7,330.4
post_tuning,Druid,Balance,Unknown,DPS,23,23,15,275171,257362,371404,1.65,30.4,332.9
post_tuning,Druid,Feral,Druid of the Claw,DPS,27,27,14,256772,244371,342923,2.11,11.1,331.1
post_tuning,Druid,Feral,Unknown,DPS,3,3,2,215878,231248,251965,1.0,33.3,329.7
post_tuning,Druid,Feral,Wildstalker,DPS,1,1,1,231511,231511,231511,2.0,0.0,334.0
post_tuning,Druid,Guardian,Druid of the Claw,Tank,8,8,5,121946,121034,136780,0.12,87.5,329.1
post_tuning,Druid,Guardian,Elune's Chosen,Tank,48,48,22,140582,154097,195513,0.54,68.8,329.1
post_tuning,Druid,Guardian,Unknown,Tank,6,6,4,138371,124864,179074,0.83,50.0,334.0
post_tuning,Druid,Restoration,Keeper of the Grove,Healer,10,10,5,32441,29146,64310,3.2,10.0,326.2
post_tuning,Druid,Restoration,Wildstalker,Healer,32,32,15,11555,9305,22696,2.41,9.4,330.3
post_tuning,Evoker,Augmentation,Chronowarden,DPS,44,44,8,198890,208836,247248,1.5,45.5,323.2
post_tuning,Evoker,Augmentation,Scalecommander,DPS,12,12,8,230620,244868,332976,3.17,0.0,329.7
post_tuning,Evoker,Devastation,Flameshaper,DPS,31,31,7,246077,240779,287502,2.0,19.4,331.9
post_tuning,Evoker,Devastation,Scalecommander,DPS,54,50,15,267472,264680,323569,2.31,18.5,332.3
post_tuning,Evoker,Devastation,Unknown,DPS,2,2,2,245111,245111,267894,5.5,0.0,327.5
post_tuning,Evoker,Preservation,Chronowarden,Healer,1,1,1,99080,99080,99080,1.0,0.0,334.0
post_tuning,Evoker,Preservation,Flameshaper,Healer,157,157,57,62627,64257,85475,2.18,19.1,332.2
post_tuning,Evoker,Preservation,Unknown,Healer,8,8,5,84877,89053,89199,1.12,12.5,334.0
post_tuning,Hunter,BeastMastery,Pack Leader,DPS,30,30,15,250518,261226,346519,1.97,30.0,330.1
post_tuning,Hunter,BeastMastery,Sentinel,DPS,1,1,1,159693,159693,159693,5.0,0.0,321.0
post_tuning,Hunter,Marksmanship,Dark Ranger,DPS,5,5,5,291886,300831,323138,1.6,0.0,334.0
post_tuning,Hunter,Marksmanship,Sentinel,DPS,98,96,56,231535,227456,319486,2.13,18.4,331.3
post_tuning,Hunter,Marksmanship,Unknown,DPS,5,5,4,287863,336580,358017,1.2,20.0,331.4
post_tuning,Hunter,Survival,Pack Leader,DPS,1,1,1,224034,224034,224034,2.0,0.0,321.0
post_tuning,Hunter,Survival,Sentinel,DPS,23,23,14,248286,251185,349672,1.78,30.4,331.7
post_tuning,Mage,Arcane,Spellslinger,DPS,183,180,117,239636,227998,345638,2.34,13.1,329.3
post_tuning,Mage,Arcane,Sunfury,DPS,551,537,245,293306,290324,394374,2.03,19.6,331.6
post_tuning,Mage,Arcane,Unknown,DPS,46,45,20,326095,307444,443990,1.41,21.7,332.6
post_tuning,Mage,Fire,Frostfire,DPS,1,1,1,233423,233423,233423,1.0,0.0,321.0
post_tuning,Mage,Fire,Sunfury,DPS,17,17,9,248202,233322,319294,1.47,35.3,333.2
post_tuning,Mage,Frost,Frostfire,DPS,9,9,7,203830,206752,264564,2.0,11.1,325.3
post_tuning,Mage,Frost,Spellslinger,DPS,3,3,3,126060,126701,161731,6.67,0.0,325.3
post_tuning,Mage,Frost,Unknown,DPS,1,1,1,274830,274830,274830,0.0,100.0,334.0
post_tuning,Monk,Brewmaster,Master of Harmony,Tank,35,35,13,134638,127852,171267,1.46,31.4,331.0
post_tuning,Monk,Brewmaster,Shado-Pan,Tank,3,3,3,100831,98596,111998,1.67,0.0,325.3
post_tuning,Monk,Mistweaver,Conduit of the Celestials,Healer,64,64,33,48129,46769,63421,2.34,17.2,327.8
post_tuning,Monk,Mistweaver,Unknown,Healer,3,3,2,60725,64240,65328,1.33,33.3,334.0
post_tuning,Monk,Windwalker,Conduit of the Celestials,DPS,151,151,61,282929,278097,388602,2.58,19.9,332.2
post_tuning,Monk,Windwalker,Shado-Pan,DPS,9,9,6,215416,202138,270369,3.11,0.0,331.1
post_tuning,Monk,Windwalker,Unknown,DPS,10,10,6,318113,286195,433296,1.9,40.0,334.0
post_tuning,Paladin,Holy,Herald of the Sun,Healer,242,242,114,25827,23320,42347,1.98,22.3,330.7
post_tuning,Paladin,Holy,Lightsmith,Healer,200,200,92,49488,49406,70683,1.42,28.5,332.4
post_tuning,Paladin,Holy,Unknown,Healer,38,38,23,47203,44570,74833,1.34,21.1,333.0
post_tuning,Paladin,Protection,Lightsmith,Tank,256,256,146,138380,136767,187296,0.71,57.4,331.2
post_tuning,Paladin,Protection,Templar,Tank,37,37,4,133825,127981,163243,1.22,45.9,328.0
post_tuning,Paladin,Protection,Unknown,Tank,32,32,15,154988,151142,202904,0.69,65.6,333.6
post_tuning,Paladin,Retribution,Herald of the Sun,DPS,61,61,34,250434,250293,350465,2.54,14.8,330.8
post_tuning,Paladin,Retribution,Templar,DPS,26,26,17,174066,163688,229821,3.0,7.7,325.0
post_tuning,Paladin,Retribution,Unknown,DPS,7,7,3,193542,201079,216600,3.0,0.0,332.1
post_tuning,Priest,Discipline,Oracle,Healer,51,51,26,28223,29998,36408,2.53,15.7,330.7
post_tuning,Priest,Discipline,Unknown,Healer,5,5,2,38377,34718,48332,3.8,20.0,334.0
post_tuning,Priest,Discipline,Voidweaver,Healer,29,29,11,70995,79616,91322,1.79,37.9,331.3
post_tuning,Priest,Holy,Archon,Healer,5,5,2,15331,17966,18265,5.2,0.0,326.2
post_tuning,Priest,Holy,Oracle,Healer,44,44,21,27030,28898,38502,1.75,31.8,329.3
post_tuning,Priest,Holy,Unknown,Healer,1,1,1,19327,19327,19327,4.0,0.0,321.0
post_tuning,Priest,Shadow,Archon,DPS,70,70,34,221091,217600,283922,2.1,21.4,327.8
post_tuning,Priest,Shadow,Unknown,DPS,3,3,1,196260,209512,225541,3.67,33.3,334.0
post_tuning,Priest,Shadow,Voidweaver,DPS,30,30,16,248569,244253,325730,2.43,23.3,332.7
post_tuning,Rogue,Assassination,Deathstalker,DPS,23,23,12,287862,292699,344063,2.26,34.8,333.0
post_tuning,Rogue,Assassination,Fatebound,DPS,47,47,26,262838,252439,369106,2.19,27.7,329.1
post_tuning,Rogue,Assassination,Unknown,DPS,2,2,1,339392,339392,343111,0.5,50.0,334.0
post_tuning,Rogue,Outlaw,Fatebound,DPS,2,2,1,199392,199392,199392,2.0,0.0,321.0
post_tuning,Rogue,Outlaw,Trickster,DPS,102,99,46,287739,308322,384300,1.69,30.4,331.9
post_tuning,Rogue,Outlaw,Unknown,DPS,7,7,4,267377,268510,328839,1.14,42.9,332.1
post_tuning,Rogue,Subtlety,Deathstalker,DPS,6,6,3,267687,256362,324140,1.33,50.0,334.0
post_tuning,Rogue,Subtlety,Trickster,DPS,10,10,9,180006,173357,233860,2.1,30.0,325.2
post_tuning,Shaman,Elemental,Farseer,DPS,258,254,115,279680,269292,385822,2.09,22.5,332.0
post_tuning,Shaman,Elemental,Stormbringer,DPS,2,2,2,182438,182438,201735,4.5,0.0,327.5
post_tuning,Shaman,Elemental,Unknown,DPS,28,28,14,316074,305090,412488,2.14,25.0,333.5
post_tuning,Shaman,Enhancement,Stormbringer,DPS,51,51,27,255692,237894,346817,2.98,11.8,329.2
post_tuning,Shaman,Enhancement,Totemic,DPS,2,2,2,164314,164314,197588,6.0,0.0,327.5
post_tuning,Shaman,Enhancement,Unknown,DPS,4,4,3,271661,254836,379720,4.0,0.0,327.5
post_tuning,Shaman,Restoration,Farseer,Healer,55,55,19,35837,37004,50301,2.29,14.5,333.3
post_tuning,Shaman,Restoration,Totemic,Healer,211,211,92,39733,39952,58730,1.59,31.3,329.9
post_tuning,Shaman,Restoration,Unknown,Healer,18,18,9,47728,52428,58822,1.17,44.4,332.6
post_tuning,Warlock,Affliction,Soul Harvester,DPS,70,70,28,259348,266842,335008,1.83,25.7,330.1
post_tuning,Warlock,Affliction,Unknown,DPS,1,1,1,265068,265068,265068,3.0,0.0,334.0
post_tuning,Warlock,Demonology,Diabolist,DPS,32,32,22,224587,216163,306765,2.06,18.8,328.6
post_tuning,Warlock,Demonology,Unknown,DPS,2,2,1,265747,265747,265751,0.0,100.0,334.0
post_tuning,Warlock,Destruction,Diabolist,DPS,49,49,34,251325,241378,350989,2.02,18.4,330.3
post_tuning,Warlock,Destruction,Hellcaller,DPS,3,3,3,205440,194931,245415,1.33,33.3,325.3
post_tuning,Warlock,Destruction,Unknown,DPS,3,3,3,311575,334160,376633,1.33,33.3,334.0
post_tuning,Warrior,Arms,Colossus,DPS,10,10,7,231050,215086,349468,2.6,10.0,330.1
post_tuning,Warrior,Arms,Slayer,DPS,372,364,199,272977,274312,365000,2.85,12.1,331.9
post_tuning,Warrior,Arms,Unknown,DPS,38,37,19,322123,332484,428466,2.13,10.5,333.0
post_tuning,Warrior,Fury,Mountain Thane,DPS,4,4,3,201526,209685,219059,2.75,50.0,330.8
post_tuning,Warrior,Fury,Slayer,DPS,12,12,5,225652,224552,272084,2.0,0.0,328.6
post_tuning,Warrior,Protection,Colossus,Tank,11,11,11,138265,137098,155040,1.09,36.4,330.5
post_tuning,Warrior,Protection,Mountain Thane,Tank,37,37,18,142283,135172,222197,1.54,40.5,327.7
post_tuning,Warrior,Protection,Unknown,Tank,1,1,1,121036,121036,121036,1.0,0.0,321.0
post_tuning_timed,DeathKnight,Blood,Deathbringer,Tank,76,76,41,167596,166994,216774,0.13,89.5,331.7
post_tuning_timed,DeathKnight,Blood,San'layn,Tank,258,258,132,179140,177955,242184,0.29,74.0,331.7
post_tuning_timed,DeathKnight,Blood,Unknown,Tank,25,25,14,207006,197704,321123,0.28,72.0,332.0
post_tuning_timed,DeathKnight,Frost,Deathbringer,DPS,21,21,14,252662,235836,367975,0.86,47.6,331.5
post_tuning_timed,DeathKnight,Frost,Rider of the Apocalypse,DPS,12,12,10,288386,292128,335351,0.67,50.0,330.8
post_tuning_timed,DeathKnight,Frost,Unknown,DPS,5,5,4,272192,267023,364965,1.0,40.0,334.0
post_tuning_timed,DeathKnight,Unholy,Rider of the Apocalypse,DPS,13,13,9,268183,287456,337805,0.69,53.8,330.0
post_tuning_timed,DeathKnight,Unholy,San'layn,DPS,44,44,27,296286,315392,384808,0.66,50.0,332.2
post_tuning_timed,DeathKnight,Unholy,Unknown,DPS,7,7,6,311587,305580,373841,0.71,42.9,334.0
post_tuning_timed,DemonHunter,Devourer,Annihilator,DPS,98,94,52,280054,279650,359312,1.11,35.7,333.2
post_tuning_timed,DemonHunter,Devourer,Unknown,DPS,8,8,7,267797,246138,334215,1.5,37.5,334.0
post_tuning_timed,DemonHunter,Devourer,Void-Scarred,DPS,54,54,22,295265,293982,363805,1.37,33.3,332.3
post_tuning_timed,DemonHunter,Havoc,Aldrachi Reaver,DPS,31,31,16,224058,228562,272539,1.29,22.6,330.2
post_tuning_timed,DemonHunter,Havoc,Fel-Scarred,DPS,39,39,26,254750,237018,347541,1.03,41.0,326.6
post_tuning_timed,DemonHunter,Havoc,Unknown,DPS,4,4,4,226885,209446,266612,0.5,50.0,334.0
post_tuning_timed,DemonHunter,Vengeance,Aldrachi Reaver,Tank,4,4,4,151446,166947,178805,0.0,100.0,330.8
post_tuning_timed,DemonHunter,Vengeance,Annihilator,Tank,62,62,29,147208,146516,203521,0.34,71.0,330.0
post_tuning_timed,DemonHunter,Vengeance,Unknown,Tank,1,1,1,228557,228557,228557,0.0,100.0,334.0
post_tuning_timed,Druid,Balance,Elune's Chosen,DPS,133,133,70,250083,246373,335233,1.15,31.6,331.0
post_tuning_timed,Druid,Balance,Unknown,DPS,17,17,11,283902,253569,377856,1.06,41.2,333.2
post_tuning_timed,Druid,Feral,Druid of the Claw,DPS,18,18,11,260834,267019,342369,1.56,16.7,331.8
post_tuning_timed,Druid,Feral,Unknown,DPS,2,2,2,208192,208192,247354,0.5,50.0,327.5
post_tuning_timed,Druid,Guardian,Druid of the Claw,Tank,7,7,4,122272,122402,141561,0.14,85.7,328.4
post_tuning_timed,Druid,Guardian,Elune's Chosen,Tank,30,30,14,143356,160796,194819,0.3,80.0,329.2
post_tuning_timed,Druid,Guardian,Unknown,Tank,3,3,3,139528,114249,177094,0.33,66.7,334.0
post_tuning_timed,Druid,Restoration,Keeper of the Grove,Healer,5,5,3,35838,13411,71038,1.0,20.0,328.8
post_tuning_timed,Druid,Restoration,Wildstalker,Healer,17,17,9,14124,15568,22699,1.24,11.8,328.6
post_tuning_timed,Evoker,Augmentation,Chronowarden,DPS,26,26,5,217365,236494,260028,0.5,65.4,327.7
post_tuning_timed,Evoker,Augmentation,Scalecommander,DPS,6,6,5,207760,226134,265548,1.5,0.0,327.5
post_tuning_timed,Evoker,Devastation,Flameshaper,DPS,18,18,4,244745,238958,291389,1.0,33.3,330.4
post_tuning_timed,Evoker,Devastation,Scalecommander,DPS,26,24,9,288947,298845,341652,1.38,38.5,332.0
post_tuning_timed,Evoker,Devastation,Unknown,DPS,1,1,1,273590,273590,273590,5.0,0.0,334.0
post_tuning_timed,Evoker,Preservation,Chronowarden,Healer,1,1,1,99080,99080,99080,1.0,0.0,334.0
post_tuning_timed,Evoker,Preservation,Flameshaper,Healer,99,99,44,64978,68913,85583,1.26,28.3,331.6
post_tuning_timed,Evoker,Preservation,Unknown,Healer,7,7,5,84215,89053,89065,1.29,0.0,334.0
post_tuning_timed,Hunter,BeastMastery,Pack Leader,DPS,21,21,11,257383,271513,359356,1.52,38.1,329.7
post_tuning_timed,Hunter,Marksmanship,Dark Ranger,DPS,4,4,4,299693,311984,323138,1.5,0.0,334.0
post_tuning_timed,Hunter,Marksmanship,Sentinel,DPS,61,61,35,240039,232395,320695,1.33,27.9,331.0
post_tuning_timed,Hunter,Marksmanship,Unknown,DPS,5,5,4,287863,336580,358017,1.2,20.0,331.4
post_tuning_timed,Hunter,Survival,Pack Leader,DPS,1,1,1,224034,224034,224034,2.0,0.0,321.0
post_tuning_timed,Hunter,Survival,Sentinel,DPS,17,17,11,260233,251185,352661,0.94,41.2,331.7
post_tuning_timed,Mage,Arcane,Spellslinger,DPS,83,83,61,252132,240936,336182,1.47,24.1,328.7
post_tuning_timed,Mage,Arcane,Sunfury,DPS,359,353,181,306573,308616,408824,1.18,28.7,331.8
post_tuning_timed,Mage,Arcane,Unknown,DPS,26,26,12,351686,317508,524027,0.85,38.5,333.0
post_tuning_timed,Mage,Fire,Frostfire,DPS,1,1,1,233423,233423,233423,1.0,0.0,321.0
post_tuning_timed,Mage,Fire,Sunfury,DPS,11,11,6,262549,269170,367545,0.91,54.5,334.0
post_tuning_timed,Mage,Frost,Frostfire,DPS,4,4,4,208000,206880,254481,1.25,25.0,324.2
post_tuning_timed,Mage,Frost,Spellslinger,DPS,1,1,1,80990,80990,80990,5.0,0.0,321.0
post_tuning_timed,Mage,Frost,Unknown,DPS,1,1,1,274830,274830,274830,0.0,100.0,334.0
post_tuning_timed,Monk,Brewmaster,Master of Harmony,Tank,7,7,6,149869,136821,186021,0.14,85.7,332.1
post_tuning_timed,Monk,Brewmaster,Shado-Pan,Tank,2,2,2,101948,101948,112669,1.5,0.0,327.5
post_tuning_timed,Monk,Mistweaver,Conduit of the Celestials,Healer,35,35,22,47512,44830,61945,1.14,31.4,326.5
post_tuning_timed,Monk,Mistweaver,Unknown,Healer,1,1,1,64240,64240,64240,0.0,100.0,334.0
post_tuning_timed,Monk,Windwalker,Conduit of the Celestials,DPS,84,84,42,288842,302746,388598,1.32,34.5,331.8
post_tuning_timed,Monk,Windwalker,Shado-Pan,DPS,4,4,4,231022,220859,288992,1.5,0.0,327.5
post_tuning_timed,Monk,Windwalker,Unknown,DPS,6,6,3,350818,344815,452834,1.17,50.0,334.0
post_tuning_timed,Paladin,Holy,Herald of the Sun,Healer,139,139,68,28533,27354,46104,1.09,33.8,331.0
post_tuning_timed,Paladin,Holy,Lightsmith,Healer,131,131,68,50201,50459,71020,0.82,38.9,332.5
post_tuning_timed,Paladin,Holy,Unknown,Healer,25,25,18,47983,45219,75658,0.92,24.0,333.0
post_tuning_timed,Paladin,Protection,Lightsmith,Tank,149,149,97,142914,138991,197309,0.21,80.5,331.5
post_tuning_timed,Paladin,Protection,Templar,Tank,24,24,4,136411,132486,164993,0.5,58.3,328.0
post_tuning_timed,Paladin,Protection,Unknown,Tank,20,20,11,152332,141318,202904,0.35,80.0,333.4
post_tuning_timed,Paladin,Retribution,Herald of the Sun,DPS,30,30,19,256623,260928,352561,1.33,30.0,330.1
post_tuning_timed,Paladin,Retribution,Templar,DPS,16,16,12,179895,173167,232936,2.12,12.5,324.2
post_tuning_timed,Paladin,Retribution,Unknown,DPS,5,5,3,208792,209510,220131,1.6,0.0,331.4
post_tuning_timed,Priest,Discipline,Oracle,Healer,26,26,14,30516,31432,38489,1.15,30.8,332.5
post_tuning_timed,Priest,Discipline,Unknown,Healer,2,2,1,32522,32522,33260,1.5,50.0,334.0
post_tuning_timed,Priest,Discipline,Voidweaver,Healer,17,17,7,78607,79661,91616,0.65,52.9,332.5
post_tuning_timed,Priest,Holy,Oracle,Healer,21,21,12,30736,32999,38394,1.52,38.1,330.9
post_tuning_timed,Priest,Shadow,Archon,DPS,42,42,24,234975,232468,294116,1.07,33.3,330.0
post_tuning_timed,Priest,Shadow,Unknown,DPS,2,2,1,219530,219530,227544,1.0,50.0,334.0
post_tuning_timed,Priest,Shadow,Voidweaver,DPS,15,15,7,265731,258118,317309,1.27,26.7,334.0
post_tuning_timed,Rogue,Assassination,Deathstalker,DPS,14,14,9,303462,321483,344062,1.21,50.0,332.4
post_tuning_timed,Rogue,Assassination,Fatebound,DPS,21,21,12,276420,291029,357032,1.0,42.9,329.0
post_tuning_timed,Rogue,Assassination,Unknown,DPS,2,2,1,339392,339392,343111,0.5,50.0,334.0
post_tuning_timed,Rogue,Outlaw,Fatebound,DPS,2,2,1,199392,199392,199392,2.0,0.0,321.0
post_tuning_timed,Rogue,Outlaw,Trickster,DPS,68,66,31,306453,320240,377771,0.91,42.6,332.2
post_tuning_timed,Rogue,Outlaw,Unknown,DPS,6,6,4,283536,271904,334406,0.83,50.0,331.8
post_tuning_timed,Rogue,Subtlety,Deathstalker,DPS,5,5,3,280042,273515,334264,0.8,60.0,334.0
post_tuning_timed,Rogue,Subtlety,Trickster,DPS,5,5,5,181963,190866,223117,0.8,60.0,326.2
post_tuning_timed,Shaman,Elemental,Farseer,DPS,162,158,76,291331,287874,387128,1.31,29.0,331.8
post_tuning_timed,Shaman,Elemental,Unknown,DPS,16,16,11,321583,300940,412488,1.94,25.0,334.0
post_tuning_timed,Shaman,Enhancement,Stormbringer,DPS,32,32,21,263562,251794,346405,1.56,18.8,328.3
post_tuning_timed,Shaman,Enhancement,Unknown,DPS,3,3,2,228911,177062,301500,3.67,0.0,325.3
post_tuning_timed,Shaman,Restoration,Farseer,Healer,34,34,14,33581,36184,47097,1.59,23.5,333.6
post_tuning_timed,Shaman,Restoration,Totemic,Healer,119,119,61,39567,39870,57519,0.77,44.5,329.6
post_tuning_timed,Shaman,Restoration,Unknown,Healer,14,14,8,49702,55731,58665,0.71,57.1,332.1
post_tuning_timed,Warlock,Affliction,Soul Harvester,DPS,45,45,14,277563,294399,337224,1.0,35.6,330.8
post_tuning_timed,Warlock,Demonology,Diabolist,DPS,20,20,15,230796,237912,315226,1.35,25.0,328.8
post_tuning_timed,Warlock,Demonology,Unknown,DPS,2,2,1,265747,265747,265751,0.0,100.0,334.0
post_tuning_timed,Warlock,Destruction,Diabolist,DPS,27,27,22,258519,243894,383183,1.26,25.9,328.7
post_tuning_timed,Warlock,Destruction,Hellcaller,DPS,1,1,1,194931,194931,194931,0.0,100.0,321.0
post_tuning_timed,Warlock,Destruction,Unknown,DPS,3,3,3,311575,334160,376633,1.33,33.3,334.0
post_tuning_timed,Warrior,Arms,Colossus,DPS,4,4,3,193295,168266,249363,1.75,0.0,324.2
post_tuning_timed,Warrior,Arms,Slayer,DPS,227,223,136,278879,277274,365692,1.73,18.1,331.9
post_tuning_timed,Warrior,Arms,Unknown,DPS,26,25,16,323347,332484,428478,1.85,11.5,332.5
post_tuning_timed,Warrior,Fury,Mountain Thane,DPS,2,2,1,209685,209685,209687,0.0,100.0,334.0
post_tuning_timed,Warrior,Fury,Slayer,DPS,4,4,3,232130,217202,269750,1.25,0.0,330.8
post_tuning_timed,Warrior,Protection,Colossus,Tank,6,6,6,146632,143818,188514,0.33,66.7,329.7
post_tuning_timed,Warrior,Protection,Mountain Thane,Tank,19,19,9,159661,155493,223938,0.58,63.2,328.5
all,DeathKnight,Blood,(all merged),Tank,1611,1611,520,165308,160300,238771,0.75,60.0,330.5
all,DeathKnight,Frost,(all merged),DPS,992,951,360,257298,252587,354012,1.82,28.2,328.4
all,DeathKnight,Unholy,(all merged),DPS,652,645,278,241392,239147,339049,2.03,29.6,328.3
all,DemonHunter,Devourer,(all merged),DPS,1429,1380,410,259984,259117,361057,2.25,19.7,330.8
all,DemonHunter,Havoc,(all merged),DPS,307,306,137,217402,210857,297587,2.32,18.2,327.1
all,DemonHunter,Vengeance,(all merged),Tank,497,497,180,131011,125453,189338,1.24,49.1,329.1
all,Druid,Balance,(all merged),DPS,1246,1241,448,250223,246496,339716,2.37,19.7,331.3
all,Druid,Feral,(all merged),DPS,180,180,67,236574,237062,311919,2.53,17.2,329.3
all,Druid,Guardian,(all merged),Tank,267,267,121,115714,107444,172928,1.26,47.9,326.3
all,Druid,Restoration,(all merged),Healer,242,242,91,13865,9252,26140,2.63,13.2,327.6
all,Evoker,Augmentation,(all merged),DPS,523,523,120,197355,191190,269426,2.33,22.2,324.9
all,Evoker,Devastation,(all merged),DPS,214,190,51,215256,211066,295586,2.64,15.9,326.9
all,Evoker,Preservation,(all merged),Healer,520,520,159,59875,60666,92777,2.64,15.8,330.3
all,Hunter,BeastMastery,(all merged),DPS,338,333,129,213660,207295,296650,2.88,18.0,326.4
all,Hunter,Marksmanship,(all merged),DPS,941,929,269,272553,274418,375959,2.26,20.1,331.9
all,Hunter,Survival,(all merged),DPS,283,282,87,223858,223031,314801,2.45,20.1,328.3
all,Mage,Arcane,(all merged),DPS,2883,2799,895,257216,252512,354064,2.14,22.1,330.1
all,Mage,Fire,(all merged),DPS,152,152,52,240734,235062,333827,1.68,42.8,330.7
all,Mage,Frost,(all merged),DPS,137,136,65,201731,185342,293920,2.82,17.5,324.8
all,Monk,Brewmaster,(all merged),Tank,297,297,103,121845,119696,166562,1.37,40.1,326.4
all,Monk,Mistweaver,(all merged),Healer,1544,1544,394,63808,62412,85038,1.65,32.1,329.7
all,Monk,Windwalker,(all merged),DPS,430,427,127,268823,268229,380103,2.51,17.2,331.0
all,Paladin,Holy,(all merged),Healer,1324,1324,422,37196,34438,62952,1.72,26.9,331.0
all,Paladin,Protection,(all merged),Tank,2773,2773,742,155320,150954,215893,0.9,54.3,330.1
all,Paladin,Retribution,(all merged),DPS,680,676,285,220714,218133,318651,2.44,18.2,328.3
all,Priest,Discipline,(all merged),Healer,795,795,257,40902,32940,74474,2.31,23.4,328.3
all,Priest,Holy,(all merged),Healer,185,185,78,24124,22736,41249,1.59,38.9,328.8
all,Priest,Shadow,(all merged),DPS,578,577,208,241989,237724,328508,2.36,20.1,330.1
all,Rogue,Assassination,(all merged),DPS,186,186,84,235912,231890,334771,2.63,21.0,329.1
all,Rogue,Outlaw,(all merged),DPS,339,335,98,251486,248567,354049,2.15,22.7,331.1
all,Rogue,Subtlety,(all merged),DPS,90,90,44,197609,205882,273381,2.86,17.8,326.0
all,Shaman,Elemental,(all merged),DPS,1289,1281,435,270296,267502,365806,2.33,20.9,330.8
all,Shaman,Enhancement,(all merged),DPS,541,541,163,233569,229090,313270,2.7,19.6,328.3
all,Shaman,Restoration,(all merged),Healer,1203,1203,376,37769,38126,55939,1.74,30.3,329.7
all,Warlock,Affliction,(all merged),DPS,613,609,211,251699,251803,338237,2.32,21.7,327.7
all,Warlock,Demonology,(all merged),DPS,248,247,100,231365,234640,309314,2.55,22.6,328.1
all,Warlock,Destruction,(all merged),DPS,227,227,113,250255,239969,343400,2.16,18.1,331.6
all,Warrior,Arms,(all merged),DPS,1760,1736,530,274507,273522,369883,2.34,19.5,331.7
all,Warrior,Fury,(all merged),DPS,166,165,73,208504,205922,264770,2.78,12.7,328.0
all,Warrior,Protection,(all merged),Tank,367,367,117,132620,123748,185954,1.03,53.4,328.8
timed,DeathKnight,Blood,(all merged),Tank,870,870,334,174218,168095,241683,0.24,80.0,331.4
timed,DeathKnight,Frost,(all merged),DPS,242,242,112,264282,253810,357436,0.67,53.3,332.2
timed,DeathKnight,Unholy,(all merged),DPS,228,226,121,258215,260547,353209,0.79,48.2,331.2
timed,DemonHunter,Devourer,(all merged),DPS,756,732,245,283106,281018,371432,1.34,30.2,332.2
timed,DemonHunter,Havoc,(all merged),DPS,101,101,54,235332,224812,312593,1.21,34.7,328.8
timed,DemonHunter,Vengeance,(all merged),Tank,199,199,93,145714,145140,200362,0.35,73.4,330.7
timed,Druid,Balance,(all merged),DPS,680,678,293,263704,260682,347697,1.25,31.3,331.6
timed,Druid,Feral,(all merged),DPS,63,63,25,248735,247582,337710,1.21,31.7,331.1
timed,Druid,Guardian,(all merged),Tank,107,107,52,134101,128518,191468,0.33,72.9,330.4
timed,Druid,Restoration,(all merged),Healer,80,80,34,13459,9356,24605,1.21,21.2,329.6
timed,Evoker,Augmentation,(all merged),DPS,116,116,36,206540,195585,274348,0.9,46.6,327.4
timed,Evoker,Devastation,(all merged),DPS,78,68,26,244230,238045,316452,1.22,32.1,329.3
timed,Evoker,Preservation,(all merged),Healer,237,237,91,67349,69678,93018,1.32,28.7,332.0
timed,Hunter,BeastMastery,(all merged),DPS,77,77,32,254054,262776,356209,1.34,35.1,331.0
timed,Hunter,Marksmanship,(all merged),DPS,534,529,182,291119,290071,384367,1.36,30.9,332.2
timed,Hunter,Survival,(all merged),DPS,108,108,41,239379,233800,336387,1.23,32.4,330.6
timed,Mage,Arcane,(all merged),DPS,1437,1404,557,276077,272413,372625,1.15,33.4,331.5
timed,Mage,Fire,(all merged),DPS,63,63,31,253570,251320,352248,0.65,61.9,331.0
timed,Mage,Frost,(all merged),DPS,53,52,26,220186,207008,301251,1.23,34.0,327.1
timed,Monk,Brewmaster,(all merged),Tank,73,73,33,131932,130965,179858,0.44,69.9,329.4
timed,Monk,Mistweaver,(all merged),Healer,678,678,232,68716,68654,88188,0.81,47.2,331.7
timed,Monk,Windwalker,(all merged),DPS,195,195,74,285184,282054,385869,1.26,31.8,331.9
timed,Paladin,Holy,(all merged),Healer,695,695,268,40460,37602,66312,0.94,39.1,331.9
timed,Paladin,Protection,(all merged),Tank,1256,1256,424,164780,158863,233710,0.34,72.7,331.7
timed,Paladin,Retribution,(all merged),DPS,229,229,128,237925,227074,329629,1.36,29.3,330.1
timed,Priest,Discipline,(all merged),Healer,320,320,135,43108,32738,81590,1.08,35.0,330.4
timed,Priest,Holy,(all merged),Healer,72,72,38,27914,28182,43845,0.86,55.6,329.7
timed,Priest,Shadow,(all merged),DPS,294,294,118,265223,265458,348310,1.34,28.9,331.5
timed,Rogue,Assassination,(all merged),DPS,67,67,38,262849,266299,344057,1.1,43.3,330.8
timed,Rogue,Outlaw,(all merged),DPS,183,180,62,269851,264936,362257,1.08,37.2,331.6
timed,Rogue,Subtlety,(all merged),DPS,20,20,12,220007,224376,277078,1.3,35.0,330.1
timed,Shaman,Elemental,(all merged),DPS,667,660,252,287248,283647,377519,1.31,31.5,332.0
timed,Shaman,Enhancement,(all merged),DPS,239,239,91,250461,237894,346996,1.34,30.5,330.1
timed,Shaman,Restoration,(all merged),Healer,553,553,213,41995,44072,57717,0.85,45.8,331.4
timed,Warlock,Affliction,(all merged),DPS,212,210,90,270112,267222,338643,1.08,36.8,330.6
timed,Warlock,Demonology,(all merged),DPS,109,108,51,252608,251166,312989,1.01,37.6,331.7
timed,Warlock,Destruction,(all merged),DPS,107,107,61,259128,248830,357473,1.36,24.3,331.3
timed,Warrior,Arms,(all merged),DPS,1004,996,376,286562,286884,374693,1.4,27.2,332.1
timed,Warrior,Fury,(all merged),DPS,38,38,25,217503,206296,310139,1.53,28.9,328.5
timed,Warrior,Protection,(all merged),Tank,129,129,58,146297,142376,199587,0.33,75.2,330.3
post_tuning,DeathKnight,Blood,(all merged),Tank,604,604,261,174816,169562,248202,0.71,59.6,331.6
post_tuning,DeathKnight,Frost,(all merged),DPS,78,78,45,254444,253470,331094,1.67,26.9,331.1
post_tuning,DeathKnight,Unholy,(all merged),DPS,127,127,61,273598,271424,384808,1.87,30.7,330.7
post_tuning,DemonHunter,Devourer,(all merged),DPS,305,296,121,268503,271515,358576,2.35,21.6,331.6
post_tuning,DemonHunter,Havoc,(all merged),DPS,121,121,53,241711,236830,312593,1.71,20.7,329.8
post_tuning,DemonHunter,Vengeance,(all merged),Tank,96,96,43,137759,126968,201578,1.01,53.1,329.7
post_tuning,Druid,Balance,(all merged),DPS,236,236,111,248872,246933,337873,2.18,21.6,330.7
post_tuning,Druid,Feral,(all merged),DPS,31,31,14,252000,243260,340706,2.0,12.9,331.1
post_tuning,Druid,Guardian,(all merged),Tank,62,62,28,137964,138399,194618,0.52,69.4,329.6
post_tuning,Druid,Restoration,(all merged),Healer,42,42,19,16528,13195,32564,2.6,9.5,329.4
post_tuning,Evoker,Augmentation,(all merged),DPS,56,56,14,205689,221438,268414,1.86,35.7,324.6
post_tuning,Evoker,Devastation,(all merged),DPS,87,68,20,259334,260710,321562,2.28,18.4,332.1
post_tuning,Evoker,Preservation,(all merged),Healer,166,166,59,63918,66199,86464,2.13,18.7,332.3
post_tuning,Hunter,BeastMastery,(all merged),DPS,31,31,16,247588,259676,345093,2.06,29.0,329.8
post_tuning,Hunter,Marksmanship,(all merged),DPS,108,106,60,236937,232212,327171,2.06,17.6,331.5
post_tuning,Hunter,Survival,(all merged),DPS,24,24,15,247276,244957,349669,1.79,29.2,331.3
post_tuning,Mage,Arcane,(all merged),DPS,780,757,352,282648,280572,385807,2.07,18.2,331.1
post_tuning,Mage,Fire,(all merged),DPS,18,18,9,247381,233372,311252,1.44,33.3,332.6
post_tuning,Mage,Frost,(all merged),DPS,13,13,9,191345,206318,272260,2.92,15.4,326.0
post_tuning,Monk,Brewmaster,(all merged),Tank,38,38,15,131969,127730,170315,1.47,28.9,330.6
post_tuning,Monk,Mistweaver,(all merged),Healer,67,67,34,48693,47561,64774,2.3,17.9,328.1
post_tuning,Monk,Windwalker,(all merged),DPS,170,170,70,281424,274008,388606,2.56,20.0,332.2
post_tuning,Paladin,Holy,(all merged),Healer,480,480,211,37378,35234,63497,1.69,24.8,331.6
post_tuning,Paladin,Protection,(all merged),Tank,325,325,159,139497,136892,187385,0.76,56.9,331.1
post_tuning,Paladin,Retribution,(all merged),DPS,94,94,51,225074,216296,327439,2.7,11.7,329.3
post_tuning,Priest,Discipline,(all merged),Healer,85,85,38,43413,33900,81036,2.35,23.5,331.1
post_tuning,Priest,Holy,(all merged),Healer,50,50,24,25706,24267,38410,2.14,28.0,328.8
post_tuning,Priest,Shadow,(all merged),DPS,103,103,46,228371,223769,314524,2.24,22.3,329.4
post_tuning,Rogue,Assassination,(all merged),DPS,72,72,37,272958,284252,357032,2.17,30.6,330.5
post_tuning,Rogue,Outlaw,(all merged),DPS,111,108,48,284863,290072,384296,1.66,30.6,331.7
post_tuning,Rogue,Subtlety,(all merged),DPS,16,16,11,212886,215415,273515,1.81,37.5,328.5
post_tuning,Shaman,Elemental,(all merged),DPS,288,284,124,282543,274226,393285,2.11,22.6,332.1
post_tuning,Shaman,Enhancement,(all merged),DPS,57,57,31,253606,237408,358886,3.16,10.5,329.0
post_tuning,Shaman,Restoration,(all merged),Healer,284,284,112,39485,39866,58479,1.7,28.9,330.7
post_tuning,Warlock,Affliction,(all merged),DPS,71,71,28,259428,266721,334762,1.85,25.4,330.2
post_tuning,Warlock,Demonology,(all merged),DPS,34,34,22,227009,242211,304472,1.94,23.5,328.9
post_tuning,Warlock,Destruction,(all merged),DPS,55,55,40,252109,241378,365731,1.95,20.0,330.2
post_tuning,Warrior,Arms,(all merged),DPS,420,411,216,276426,274668,368672,2.78,11.9,332.0
post_tuning,Warrior,Fury,(all merged),DPS,16,16,8,219620,217202,264358,2.19,12.5,329.1
post_tuning,Warrior,Protection,(all merged),Tank,49,49,29,140948,135172,222196,1.43,38.8,328.2
post_tuning_timed,DeathKnight,Blood,(all merged),Tank,359,359,177,178636,176317,242848,0.26,77.2,331.7
post_tuning_timed,DeathKnight,Frost,(all merged),DPS,38,38,26,266513,264817,372484,0.82,47.4,331.6
post_tuning_timed,DeathKnight,Unholy,(all merged),DPS,64,64,38,292251,308594,378532,0.67,50.0,332.0
post_tuning_timed,DemonHunter,Devourer,(all merged),DPS,160,156,75,284575,280506,363804,1.22,35.0,332.9
post_tuning_timed,DemonHunter,Havoc,(all merged),DPS,74,74,41,240386,228562,323899,1.11,33.8,328.5
post_tuning_timed,DemonHunter,Vengeance,(all merged),Tank,67,67,34,148676,149713,208343,0.31,73.1,330.1
post_tuning_timed,Druid,Balance,(all merged),DPS,150,150,79,253916,249486,336861,1.14,32.7,331.2
post_tuning_timed,Druid,Feral,(all merged),DPS,20,20,11,255570,250758,341260,1.45,20.0,331.4
post_tuning_timed,Druid,Guardian,(all merged),Tank,40,40,20,139379,142478,193006,0.28,80.0,329.4
post_tuning_timed,Druid,Restoration,(all merged),Healer,22,22,11,19059,14625,25807,1.18,13.6,328.7
post_tuning_timed,Evoker,Augmentation,(all merged),DPS,32,32,8,215564,236494,266110,0.69,53.1,327.7
post_tuning_timed,Evoker,Devastation,(all merged),DPS,45,35,11,270925,278597,323526,1.31,35.6,331.4
post_tuning_timed,Evoker,Preservation,(all merged),Healer,107,107,46,66555,69913,86462,1.26,26.2,331.8
post_tuning_timed,Hunter,BeastMastery,(all merged),DPS,21,21,11,257383,271513,359356,1.52,38.1,329.7
post_tuning_timed,Hunter,Marksmanship,(all merged),DPS,70,70,38,246863,239464,337907,1.33,25.7,331.2
post_tuning_timed,Hunter,Survival,(all merged),DPS,18,18,12,258222,244957,351915,1.0,38.9,331.1
post_tuning_timed,Mage,Arcane,(all merged),DPS,468,459,240,299424,297242,408787,1.22,28.4,331.3
post_tuning_timed,Mage,Fire,(all merged),DPS,12,12,6,260122,251296,359503,0.92,50.0,332.9
post_tuning_timed,Mage,Frost,(all merged),DPS,6,6,5,197970,206880,274828,1.67,33.3,325.3
post_tuning_timed,Monk,Brewmaster,(all merged),Tank,9,9,7,139220,133509,177692,0.44,66.7,331.1
post_tuning_timed,Monk,Mistweaver,(all merged),Healer,36,36,22,47976,44830,61967,1.11,33.3,326.8
post_tuning_timed,Monk,Windwalker,(all merged),DPS,94,94,48,290337,302746,388627,1.32,34.0,331.8
post_tuning_timed,Paladin,Holy,(all merged),Healer,295,295,143,39803,36710,69122,0.96,35.3,331.8
post_tuning_timed,Paladin,Protection,(all merged),Tank,193,193,108,143081,138991,190358,0.26,77.7,331.2
post_tuning_timed,Paladin,Retribution,(all merged),DPS,51,51,32,227862,210365,350465,1.61,21.6,328.4
post_tuning_timed,Priest,Discipline,(all merged),Healer,45,45,21,48773,35273,86517,0.98,40.0,332.6
post_tuning_timed,Priest,Holy,(all merged),Healer,21,21,12,30736,32999,38394,1.52,38.1,330.9
post_tuning_timed,Priest,Shadow,(all merged),DPS,59,59,29,242270,245690,314946,1.12,32.2,331.1
post_tuning_timed,Rogue,Assassination,(all merged),DPS,37,37,20,290056,311093,356735,1.05,45.9,330.6
post_tuning_timed,Rogue,Outlaw,(all merged),DPS,76,74,33,301827,315937,377770,0.93,42.1,331.8
post_tuning_timed,Rogue,Subtlety,(all merged),DPS,10,10,7,231003,236270,283640,0.8,60.0,330.1
post_tuning_timed,Shaman,Elemental,(all merged),DPS,178,174,81,294050,289220,396028,1.37,28.7,332.0
post_tuning_timed,Shaman,Enhancement,(all merged),DPS,35,35,22,260591,240789,345169,1.74,17.1,328.1
post_tuning_timed,Shaman,Restoration,(all merged),Healer,167,167,79,39198,39838,57534,0.93,41.3,330.6
post_tuning_timed,Warlock,Affliction,(all merged),DPS,45,45,14,277563,294399,337224,1.0,35.6,330.8
post_tuning_timed,Warlock,Demonology,(all merged),DPS,22,22,15,233974,265747,314494,1.23,31.8,329.3
post_tuning_timed,Warlock,Destruction,(all merged),DPS,31,31,26,261602,243894,387248,1.23,29.0,329.0
post_tuning_timed,Warrior,Arms,(all merged),DPS,257,252,149,282046,279773,368738,1.74,17.1,331.8
post_tuning_timed,Warrior,Fury,(all merged),DPS,6,6,4,224649,213441,254738,0.83,33.3,331.8
post_tuning_timed,Warrior,Protection,(all merged),Tank,25,25,15,156534,149397,227363,0.52,64.0,328.8
